{
	"parent": "block/block",
	"author": "Leo",
	"textures": {
		"sprinkler": "pylon:block/machines/fluid/sprinkler",
		"particle": "pylon:block/machines/fluid/sprinkler"
	},
	"elements": [
		{
			"from": [4.99, -0.01, 4.99],
			"to": [11.01, 6.01, 11.01],
			"rotation": {"angle": 0, "axis": "y", "origin": [5, 0, 5]},
			"faces": {
				"north": {"uv": [0, 4, 6, 10], "texture": "#sprinkler"},
				"east": {"uv": [0, 4, 6, 10], "texture": "#sprinkler"},
				"south": {"uv": [0, 4, 6, 10], "texture": "#sprinkler"},
				"west": {"uv": [0, 4, 6, 10], "texture": "#sprinkler"},
				"up": {"uv": [0, 10, 6, 16], "texture": "#sprinkler"},
				"down": {"uv": [0, 4, 6, 10], "texture": "#sprinkler"}
			}
		},
		{
			"from": [2, 1.5, 6.5],
			"to": [14, 4.5, 9.5],
			"rotation": {"angle": 0, "axis": "y", "origin": [13, 2, 7]},
			"faces": {
				"north": {"uv": [10, 14, 6, 16], "texture": "#sprinkler"},
				"east": {"uv": [6, 14, 10, 16], "texture": "#sprinkler"},
				"south": {"uv": [6, 14, 10, 16], "texture": "#sprinkler"},
				"west": {"uv": [6, 14, 10, 16], "texture": "#sprinkler"},
				"up": {"uv": [6, 14, 10, 16], "rotation": 90, "texture": "#sprinkler"},
				"down": {"uv": [6, 14, 10, 16], "rotation": 90, "texture": "#sprinkler"}
			}
		},
		{
			"from": [6.5, 1.5, 1.9],
			"to": [9.5, 4.5, 14],
			"rotation": {"angle": 0, "axis": "y", "origin": [8.5, 3, 11]},
			"faces": {
				"north": {"uv": [6, 14, 10, 16], "texture": "#sprinkler"},
				"east": {"uv": [6, 14, 10, 16], "texture": "#sprinkler"},
				"south": {"uv": [6, 14, 10, 16], "texture": "#sprinkler"},
				"west": {"uv": [6, 14, 10, 16], "texture": "#sprinkler"},
				"up": {"uv": [6, 14, 10, 16], "texture": "#sprinkler"},
				"down": {"uv": [6, 14, 10, 16], "texture": "#sprinkler"}
			}
		},
		{
			"from": [6, 2.33746, 0.83701],
			"to": [10, 6.33746, 2.83701],
			"rotation": {"angle": 37.5, "axis": "x", "origin": [7, 3.33746, 0.83701]},
			"faces": {
				"north": {"uv": [0, 0, 4, 4], "texture": "#sprinkler"},
				"east": {"uv": [8, 0, 10, 4], "texture": "#sprinkler"},
				"south": {"uv": [4, 0, 8, 4], "texture": "#sprinkler"},
				"west": {"uv": [10, 0, 12, 4], "texture": "#sprinkler"},
				"up": {"uv": [10, 0, 12, 4], "rotation": 90, "texture": "#sprinkler"},
				"down": {"uv": [8, 0, 10, 4], "rotation": 90, "texture": "#sprinkler"}
			}
		},
		{
			"from": [13.21964, 1.7287, 6],
			"to": [15.21964, 5.7287, 10],
			"rotation": {"angle": 37.5, "axis": "z", "origin": [14.21964, 2.7287, 7]},
			"faces": {
				"north": {"uv": [10, 0, 8, 4], "texture": "#sprinkler"},
				"east": {"uv": [4, 0, 0, 4], "texture": "#sprinkler"},
				"south": {"uv": [12, 0, 10, 4], "texture": "#sprinkler"},
				"west": {"uv": [8, 0, 4, 4], "texture": "#sprinkler"},
				"up": {"uv": [12, 0, 10, 4], "texture": "#sprinkler"},
				"down": {"uv": [12, 0, 10, 4], "texture": "#sprinkler"}
			}
		},
		{
			"from": [6, 1.11994, 13.32628],
			"to": [10, 5.11994, 15.32628],
			"rotation": {"angle": -37.5, "axis": "x", "origin": [5, 2.11994, 13.32628]},
			"faces": {
				"north": {"uv": [4, 0, 8, 4], "rotation": 90, "texture": "#sprinkler"},
				"east": {"uv": [10, 0, 12, 4], "texture": "#sprinkler"},
				"south": {"uv": [0, 0, 4, 4], "rotation": 90, "texture": "#sprinkler"},
				"west": {"uv": [8, 0, 10, 4], "texture": "#sprinkler"},
				"up": {"uv": [8, 0, 10, 4], "rotation": 90, "texture": "#sprinkler"},
				"down": {"uv": [10, 0, 12, 4], "rotation": 90, "texture": "#sprinkler"}
			}
		},
		{
			"from": [0.83701, 2.33746, 6],
			"to": [2.83701, 6.33746, 10],
			"rotation": {"angle": -37.5, "axis": "z", "origin": [0.83701, 3.33746, 7]},
			"faces": {
				"north": {"uv": [8, 0, 10, 4], "texture": "#sprinkler"},
				"east": {"uv": [4, 0, 8, 4], "texture": "#sprinkler"},
				"south": {"uv": [10, 0, 12, 4], "texture": "#sprinkler"},
				"west": {"uv": [0, 0, 4, 4], "texture": "#sprinkler"},
				"up": {"uv": [10, 0, 12, 4], "texture": "#sprinkler"},
				"down": {"uv": [10, 0, 12, 4], "texture": "#sprinkler"}
			}
		}
	],
	"display": {
		"firstperson_righthand": {
			"rotation": [0, 45, 0],
			"translation": [0, 3.5, 0],
			"scale": [0.6, 0.6, 0.6]
		},
		"firstperson_lefthand": {
			"rotation": [0, 45, 0],
			"translation": [0, 3.5, 0],
			"scale": [0.6, 0.6, 0.6]
		},
		"ground": {
			"translation": [0, 3, 0],
			"scale": [0.5, 0.5, 0.5]
		},
		"gui": {
			"rotation": [30, -135, 0],
			"scale": [0.8, 0.8, 0.8]
		},
		"fixed": {
			"scale": [1, 1, 1]
		}
	}
}