{
  "sources":[
    {"type":"single","resource":"pylon:block/resources/charcoal_block"},
    {"type":"single","resource":"pylon:block/resources/tin_block"},
    {"type":"single","resource":"pylon:block/resources/bronze_block"},
    {"type":"single","resource":"pylon:block/resources/steel_block"},
    {"type":"single","resource":"pylon:block/resources/nickel_block"},
    {"type":"single","resource":"pylon:block/resources/cobalt_block"},
    {"type":"single","resource":"pylon:block/resources/refractory_mix"},
    {"type":"single","resource":"pylon:block/components/enriched_soul_soil"},
    {"type":"single","resource":"pylon:block/components/sawblade"},
    {"type":"single","resource":"pylon:block/machines/simple_machines/grindstone"},
    {"type":"single","resource":"pylon:block/machines/simple_machines/mixing_pot_top"},
    {"type":"single","resource":"pylon:block/machines/simple_machines/mixing_pot_side"},
    {"type":"single","resource":"pylon:block/machines/simple_machines/mixing_pot_inner"},
    {"type":"single","resource":"pylon:block/machines/simple_machines/mixing_pot_bottom"},
    {"type":"single","resource":"pylon:block/machines/simple_machines/mixing_pot_input"},
    {"type":"single","resource":"pylon:block/machines/simple_machines/mixing_pot_output"},
    {"type":"single","resource":"pylon:block/machines/simple_machines/mixing_pot_inside"},
    {"type":"single","resource":"pylon:block/machines/simple_machines/shimmer_pedestal"},
    {"type":"single","resource":"pylon:block/machines/simple_machines/shimmer_altar_top"},
    {"type":"single","resource":"pylon:block/machines/simple_machines/shimmer_altar_side"},
    {"type":"single","resource":"pylon:block/machines/simple_machines/press_output"},
    {"type":"single","resource":"pylon:block/machines/simple_machines/manual_core_drill_lever"},
    {"type":"single","resource":"pylon:block/machines/simple_machines/manual_core_drill_top"},
    {"type":"single","resource":"pylon:block/machines/simple_machines/manual_core_drill_side"},
    {"type":"single","resource":"pylon:block/machines/simple_machines/improved_manual_core_drill_top"},
    {"type":"single","resource":"pylon:block/machines/simple_machines/improved_manual_core_drill_side"},
    {"type":"single","resource":"pylon:block/machines/simple_machines/vacuum_hopper_1_inside"},
    {"type":"single","resource":"pylon:block/machines/simple_machines/vacuum_hopper_1_outside"},
    {"type":"single","resource":"pylon:block/machines/simple_machines/vacuum_hopper_1_top"},
    {"type":"single","resource":"pylon:block/machines/simple_machines/vacuum_hopper_2_inside"},
    {"type":"single","resource":"pylon:block/machines/simple_machines/vacuum_hopper_2_outside"},
    {"type":"single","resource":"pylon:block/machines/simple_machines/vacuum_hopper_2_top"},
    {"type":"single","resource":"pylon:block/machines/simple_machines/vacuum_hopper_3_inside"},
    {"type":"single","resource":"pylon:block/machines/simple_machines/vacuum_hopper_3_outside"},
    {"type":"single","resource":"pylon:block/machines/simple_machines/vacuum_hopper_3_top"},
    {"type":"single","resource":"pylon:block/machines/simple_machines/vacuum_hopper_4_inside"},
    {"type":"single","resource":"pylon:block/machines/simple_machines/vacuum_hopper_4_outside"},
    {"type":"single","resource":"pylon:block/machines/simple_machines/vacuum_hopper_4_top"},
    {"type":"single","resource":"pylon:block/machines/pipes/wood_pipe"},
    {"type":"single","resource":"pylon:block/machines/pipes/copper_pipe"},
    {"type":"single","resource":"pylon:block/machines/pipes/tin_pipe"},
    {"type":"single","resource":"pylon:block/machines/pipes/iron_pipe"},
    {"type":"single","resource":"pylon:block/machines/pipes/bronze_pipe"},
    {"type":"single","resource":"pylon:block/machines/pipes/igneous_composite_pipe"},
    {"type":"single","resource":"pylon:block/machines/pipes/steel_pipe"},
    {"type":"single","resource":"pylon:block/machines/pipes/creative_pipe"},
    {"type":"single","resource":"pylon:block/machines/pipes/creative_tank_casing"},
    {"type":"single","resource":"pylon:block/machines/pipes/creative_tank_casing_roof"},
    {"type":"single","resource":"pylon:block/machines/pipes/wood_portable_tank_front"},
    {"type":"single","resource":"pylon:block/machines/pipes/wood_portable_tank_input"},
    {"type":"single","resource":"pylon:block/machines/pipes/wood_portable_tank_output"},
    {"type":"single","resource":"pylon:block/machines/pipes/copper_portable_tank_front"},
    {"type":"single","resource":"pylon:block/machines/pipes/copper_portable_tank_input"},
    {"type":"single","resource":"pylon:block/machines/pipes/copper_portable_tank_output"},
    {"type":"single","resource":"pylon:block/machines/pipes/tin_portable_tank_front"},
    {"type":"single","resource":"pylon:block/machines/pipes/tin_portable_tank_input"},
    {"type":"single","resource":"pylon:block/machines/pipes/tin_portable_tank_output"},
    {"type":"single","resource":"pylon:block/machines/pipes/iron_portable_tank_front"},
    {"type":"single","resource":"pylon:block/machines/pipes/iron_portable_tank_input"},
    {"type":"single","resource":"pylon:block/machines/pipes/iron_portable_tank_output"},
    {"type":"single","resource":"pylon:block/machines/pipes/bronze_portable_tank_front"},
    {"type":"single","resource":"pylon:block/machines/pipes/bronze_portable_tank_input"},
    {"type":"single","resource":"pylon:block/machines/pipes/bronze_portable_tank_output"},
    {"type":"single","resource":"pylon:block/machines/pipes/igneous_composite_portable_tank_front"},
    {"type":"single","resource":"pylon:block/machines/pipes/igneous_composite_portable_tank_input"},
    {"type":"single","resource":"pylon:block/machines/pipes/igneous_composite_portable_tank_output"},
    {"type":"single","resource":"pylon:block/machines/pipes/steel_portable_tank_front"},
    {"type":"single","resource":"pylon:block/machines/pipes/steel_portable_tank_input"},
    {"type":"single","resource":"pylon:block/machines/pipes/steel_portable_tank_output"},
    {"type":"single","resource":"pylon:block/machines/pipes/fluid_tank_input"},
    {"type":"single","resource":"pylon:block/machines/pipes/fluid_tank_output"},
    {"type":"single","resource":"pylon:block/machines/pipes/fluid_tank_side"},
    {"type":"single","resource":"pylon:block/machines/pipes/wood_tank_casing"},
    {"type":"single","resource":"pylon:block/machines/pipes/wood_tank_casing_bottom"},
    {"type":"single","resource":"pylon:block/machines/pipes/wood_tank_casing_middle"},
    {"type":"single","resource":"pylon:block/machines/pipes/wood_tank_casing_top"},
    {"type":"single","resource":"pylon:block/machines/pipes/wood_tank_casing_roof"},
    {"type":"single","resource":"pylon:block/machines/pipes/copper_tank_casing"},
    {"type":"single","resource":"pylon:block/machines/pipes/copper_tank_casing_bottom"},
    {"type":"single","resource":"pylon:block/machines/pipes/copper_tank_casing_middle"},
    {"type":"single","resource":"pylon:block/machines/pipes/copper_tank_casing_top"},
    {"type":"single","resource":"pylon:block/machines/pipes/copper_tank_casing_roof"},
    {"type":"single","resource":"pylon:block/machines/pipes/tin_tank_casing"},
    {"type":"single","resource":"pylon:block/machines/pipes/tin_tank_casing_bottom"},
    {"type":"single","resource":"pylon:block/machines/pipes/tin_tank_casing_middle"},
    {"type":"single","resource":"pylon:block/machines/pipes/tin_tank_casing_top"},
    {"type":"single","resource":"pylon:block/machines/pipes/tin_tank_casing_roof"},
    {"type":"single","resource":"pylon:block/machines/pipes/iron_tank_casing"},
    {"type":"single","resource":"pylon:block/machines/pipes/iron_tank_casing_bottom"},
    {"type":"single","resource":"pylon:block/machines/pipes/iron_tank_casing_middle"},
    {"type":"single","resource":"pylon:block/machines/pipes/iron_tank_casing_top"},
    {"type":"single","resource":"pylon:block/machines/pipes/iron_tank_casing_roof"},
    {"type":"single","resource":"pylon:block/machines/pipes/bronze_tank_casing"},
    {"type":"single","resource":"pylon:block/machines/pipes/bronze_tank_casing_bottom"},
    {"type":"single","resource":"pylon:block/machines/pipes/bronze_tank_casing_middle"},
    {"type":"single","resource":"pylon:block/machines/pipes/bronze_tank_casing_top"},
    {"type":"single","resource":"pylon:block/machines/pipes/bronze_tank_casing_roof"},
    {"type":"single","resource":"pylon:block/machines/pipes/igneous_composite_tank_casing"},
    {"type":"single","resource":"pylon:block/machines/pipes/igneous_composite_tank_casing_bottom"},
    {"type":"single","resource":"pylon:block/machines/pipes/igneous_composite_tank_casing_middle"},
    {"type":"single","resource":"pylon:block/machines/pipes/igneous_composite_tank_casing_top"},
    {"type":"single","resource":"pylon:block/machines/pipes/igneous_composite_tank_casing_roof"},
    {"type":"single","resource":"pylon:block/machines/pipes/steel_tank_casing"},
    {"type":"single","resource":"pylon:block/machines/pipes/steel_tank_casing_bottom"},
    {"type":"single","resource":"pylon:block/machines/pipes/steel_tank_casing_middle"},
    {"type":"single","resource":"pylon:block/machines/pipes/steel_tank_casing_top"},
    {"type":"single","resource":"pylon:block/machines/pipes/steel_tank_casing_roof"},
    {"type":"single","resource":"pylon:block/machines/hydraulic/machine_top"},
    {"type":"single","resource":"pylon:block/machines/hydraulic/machine_side"},
    {"type":"single","resource":"pylon:block/machines/hydraulic/machine_input"},
    {"type":"single","resource":"pylon:block/machines/hydraulic/machine_output"},
    {"type":"single","resource":"pylon:block/machines/hydraulic/mixing_attachment_spoon"},
    {"type":"single","resource":"pylon:block/machines/hydraulic/press_piston_head"},
    {"type":"single","resource":"pylon:block/machines/hydraulic/press_piston_shaft"},
    {"type":"single","resource":"pylon:block/machines/hydraulic/hammer_head_hammer"},
    {"type":"single","resource":"pylon:block/machines/hydraulic/hammer_head_shaft"},
    {"type":"single","resource":"pylon:block/machines/hydraulic/pipe_bender_wheel"},
    {"type":"single","resource":"pylon:block/machines/hydraulic/solar_lens"},
    {"type":"single","resource":"pylon:block/machines/diesel/diesel_top"},
    {"type":"single","resource":"pylon:block/machines/diesel/diesel_machine_block"},
    {"type":"single","resource":"pylon:block/machines/diesel/diesel_frame"},
    {"type":"single","resource":"pylon:block/machines/diesel/diesel_input"},
    {"type":"single","resource":"pylon:block/machines/diesel/diesel_output"},
    {"type":"single","resource":"pylon:block/machines/cargo/cargo_duct"},
    {"type":"single","resource":"pylon:block/machines/cargo/cargo_inserter"},
    {"type":"single","resource":"pylon:block/machines/cargo/cargo_extractor"},
    {"type":"single","resource":"pylon:block/machines/cargo/cargo_left"},
    {"type":"single","resource":"pylon:block/machines/cargo/cargo_right"},
    {"type":"single","resource":"pylon:block/machines/cargo/cargo_splitter"},
    {"type":"single","resource":"pylon:block/machines/cargo/cargo_merger"},
    {"type":"single","resource":"pylon:block/machines/cargo/cargo_valve"},
    {"type":"single","resource":"pylon:block/machines/smeltery/bloomery"},
    {"type":"single","resource":"pylon:block/machines/smeltery/refractory_bricks"},
    {"type":"single","resource":"pylon:block/machines/smeltery/smeltery_burner"},
    {"type":"single","resource":"pylon:block/machines/smeltery/smeltery_burner_lit"},
    {"type":"single","resource":"pylon:block/machines/smeltery/smeltery_controller"},
    {"type":"single","resource":"pylon:block/machines/smeltery/smeltery_controller_lit"},
    {"type":"single","resource":"pylon:block/machines/smeltery/smeltery_hopper"},
    {"type":"single","resource":"pylon:block/machines/smeltery/smeltery_input_hatch"},
    {"type":"single","resource":"pylon:block/machines/smeltery/smeltery_output_hatch"},
    {"type":"single","resource":"pylon:block/machines/smeltery/smeltery_caster"},
    {"type":"single","resource":"pylon:block/machines/fluid/sprinkler"},
    {"type":"single","resource":"pylon:block/fluids/bronze"},
    {"type":"single","resource":"pylon:block/fluids/cobalt"},
    {"type":"single","resource":"pylon:block/fluids/copper"},
    {"type":"single","resource":"pylon:block/fluids/gold"},
    {"type":"single","resource":"pylon:block/fluids/iron"},
    {"type":"single","resource":"pylon:block/fluids/nickel"},
    {"type":"single","resource":"pylon:block/fluids/steel"},
    {"type":"single","resource":"pylon:block/fluids/tin"},
    {"type":"single","resource":"pylon:block/building/igneous_composite"},
    {"type":"single","resource":"pylon:block/building/pedestal"},
    {"type":"single","resource":"pylon:block/building/pedestal_top"},
    {"type":"single","resource":"pylon:block/building/pedestal_bottom"},
    {"type":"single","resource":"pylon:block/building/explosive_target_side"},
    {"type":"single","resource":"pylon:block/building/fiery_explosive_target_side"},
    {"type":"single","resource":"pylon:block/building/super_explosive_target_side"},
    {"type":"single","resource":"pylon:block/building/super_fiery_explosive_target_side"},
    {"type":"single","resource":"pylon:block/building/elevator_portal"},
    {"type":"single","resource":"pylon:block/building/elevator_1_top"},
    {"type":"single","resource":"pylon:block/building/elevator_2_top"},
    {"type":"single","resource":"pylon:block/building/elevator_3_top"}
  ]
}