{
  "sources":[
    {"type":"single","resource":"rebar:item/ui/guide"},
    {"type":"single","resource":"rebar:item/ui/background"},
    {"type":"single","resource":"rebar:item/ui/settings"},
    {"type":"single","resource":"rebar:item/ui/back"},
    {"type":"single","resource":"rebar:item/ui/search"},
    {"type":"single","resource":"rebar:item/ui/next_on"},
    {"type":"single","resource":"rebar:item/ui/next_off"},
    {"type":"single","resource":"rebar:item/ui/previous_on"},
    {"type":"single","resource":"rebar:item/ui/previous_off"},
    {"type":"single","resource":"rebar:item/ui/item_ingredients"},
    {"type":"single","resource":"rebar:item/ui/armor_texture"},
    {"type":"single","resource":"rebar:item/ui/armor_texture_off"},
    {"type":"single","resource":"pylon:item/science/loupe"},
    {"type":"single","resource":"pylon:item/science/loupe_scope"},
    {"type":"single","resource":"pylon:item/science/research_pack_1"},
    {"type":"single","resource":"pylon:item/science/research_pack_2"},
    {"type":"single","resource":"pylon:item/resources/rock_dust"},
    {"type":"single","resource":"pylon:item/resources/obsidian_chip"},
    {"type":"single","resource":"pylon:item/resources/coal_dust"},
    {"type":"single","resource":"pylon:item/resources/carbon"},
    {"type":"single","resource":"pylon:item/resources/sulfur"},
    {"type":"single","resource":"pylon:item/resources/gypsum"},
    {"type":"single","resource":"pylon:item/resources/gypsum_dust"},
    {"type":"single","resource":"pylon:item/resources/copper_dust"},
    {"type":"single","resource":"pylon:item/resources/crushed_raw_copper"},
    {"type":"single","resource":"pylon:item/resources/iron_dust"},
    {"type":"single","resource":"pylon:item/resources/crushed_raw_iron"},
    {"type":"single","resource":"pylon:item/resources/gold_dust"},
    {"type":"single","resource":"pylon:item/resources/crushed_raw_gold"},
    {"type":"single","resource":"pylon:item/resources/quartz_dust"},
    {"type":"single","resource":"pylon:item/resources/diamond_dust"},
    {"type":"single","resource":"pylon:item/resources/emerald_dust"},
    {"type":"single","resource":"pylon:item/resources/raw_tin"},
    {"type":"single","resource":"pylon:item/resources/tin_ingot"},
    {"type":"single","resource":"pylon:item/resources/tin_nugget"},
    {"type":"single","resource":"pylon:item/resources/crushed_raw_tin"},
    {"type":"single","resource":"pylon:item/resources/tin_dust"},
    {"type":"single","resource":"pylon:item/resources/bronze_ingot"},
    {"type":"single","resource":"pylon:item/resources/bronze_nugget"},
    {"type":"single","resource":"pylon:item/resources/bronze_dust"},
    {"type":"single","resource":"pylon:item/resources/sponge_iron"},
    {"type":"single","resource":"pylon:item/resources/iron_bloom_0"},
    {"type":"single","resource":"pylon:item/resources/iron_bloom_1"},
    {"type":"single","resource":"pylon:item/resources/iron_bloom_2"},
    {"type":"single","resource":"pylon:item/resources/iron_bloom_3"},
    {"type":"single","resource":"pylon:item/resources/iron_bloom_4"},
    {"type":"single","resource":"pylon:item/resources/iron_bloom_5"},
    {"type":"single","resource":"pylon:item/resources/iron_bloom_6"},
    {"type":"single","resource":"pylon:item/resources/iron_bloom_7"},
    {"type":"single","resource":"pylon:item/resources/iron_bloom_8"},
    {"type":"single","resource":"pylon:item/resources/iron_bloom_9"},
    {"type":"single","resource":"pylon:item/resources/iron_bloom_10"},
    {"type":"single","resource":"pylon:item/resources/iron_bloom_11"},
    {"type":"single","resource":"pylon:item/resources/iron_bloom_12"},
    {"type":"single","resource":"pylon:item/resources/wrought_iron"},
    {"type":"single","resource":"pylon:item/resources/steel_ingot"},
    {"type":"single","resource":"pylon:item/resources/steel_nugget"},
    {"type":"single","resource":"pylon:item/resources/steel_dust"},
    {"type":"single","resource":"pylon:item/resources/nickel_ingot"},
    {"type":"single","resource":"pylon:item/resources/nickel_nugget"},
    {"type":"single","resource":"pylon:item/resources/nickel_dust"},
    {"type":"single","resource":"pylon:item/resources/cobalt_ingot"},
    {"type":"single","resource":"pylon:item/resources/cobalt_nugget"},
    {"type":"single","resource":"pylon:item/resources/cobalt_dust"},
    {"type":"single","resource":"pylon:item/resources/shimmer_dust_1"},
    {"type":"single","resource":"pylon:item/resources/covalent_binder"},
    {"type":"single","resource":"pylon:item/resources/shimmer_dust_2"},
    {"type":"single","resource":"pylon:item/resources/shimmer_dust_3"},
    {"type":"single","resource":"pylon:item/resources/flour"},
    {"type":"single","resource":"pylon:item/resources/dough"},
    {"type":"single","resource":"pylon:item/resources/unfired_refractory_brick"},
    {"type":"single","resource":"pylon:item/resources/refractory_brick"},
    {"type":"single","resource":"pylon:item/resources/shallow_core_chunk"},
    {"type":"single","resource":"pylon:item/resources/subsurface_core_chunk"},
    {"type":"single","resource":"pylon:item/resources/intermediate_core_chunk"},
    {"type":"single","resource":"pylon:item/components/copper_sheet"},
    {"type":"single","resource":"pylon:item/components/gold_sheet"},
    {"type":"single","resource":"pylon:item/components/iron_sheet"},
    {"type":"single","resource":"pylon:item/components/tin_sheet"},
    {"type":"single","resource":"pylon:item/components/bronze_sheet"},
    {"type":"single","resource":"pylon:item/components/steel_sheet"},
    {"type":"single","resource":"pylon:item/components/portability_catalyst"},
    {"type":"single","resource":"pylon:item/components/fiber"},
    {"type":"single","resource":"pylon:item/components/shimmer_skull"},
    {"type":"single","resource":"pylon:item/components/rotor"},
    {"type":"single","resource":"pylon:item/components/backflow_valve"},
    {"type":"single","resource":"pylon:item/components/analogue_display"},
    {"type":"single","resource":"pylon:item/components/filter_mesh"},
    {"type":"single","resource":"pylon:item/components/nozzle"},
    {"type":"single","resource":"pylon:item/components/abyssal_catalyst"},
    {"type":"single","resource":"pylon:item/components/hydraulic_motor"},
    {"type":"single","resource":"pylon:item/components/axle"},
    {"type":"single","resource":"pylon:item/components/sawblade"},
    {"type":"single","resource":"pylon:item/components/shaft"},
    {"type":"single","resource":"pylon:item/components/copper_drill_bit"},
    {"type":"single","resource":"pylon:item/components/bronze_drill_bit"},
    {"type":"single","resource":"pylon:item/components/air"},
    {"type":"single","resource":"pylon:item/tools/tongs"},
    {"type":"single","resource":"pylon:item/tools/stone_hammer"},
    {"type":"single","resource":"pylon:item/tools/iron_hammer"},
    {"type":"single","resource":"pylon:item/tools/diamond_hammer"},
    {"type":"single","resource":"pylon:item/tools/bronze_axe"},
    {"type":"single","resource":"pylon:item/tools/bronze_pickaxe"},
    {"type":"single","resource":"pylon:item/tools/bronze_shovel"},
    {"type":"single","resource":"pylon:item/tools/bronze_hoe"},
    {"type":"single","resource":"pylon:item/tools/watering_can"},
    {"type":"single","resource":"pylon:item/tools/portable_crafting_table"},
    {"type":"single","resource":"pylon:item/tools/portable_dustbin"},
    {"type":"single","resource":"pylon:item/tools/portable_ender_chest"},
    {"type":"single","resource":"pylon:item/tools/lumber_axe"},
    {"type":"single","resource":"pylon:item/tools/brick_mold"},
    {"type":"single","resource":"pylon:item/tools/confetti_popper_hand"},
    {"type":"single","resource":"pylon:item/tools/shimmer_magnet_on"},
    {"type":"single","resource":"pylon:item/tools/shimmer_magnet_off"},
    {"type":"single","resource":"pylon:item/tools/fireproof_rune"},
    {"type":"single","resource":"pylon:item/tools/climbing_pick"},
    {"type":"single","resource":"pylon:item/tools/soulbound_rune"},
    {"type":"single","resource":"pylon:item/combat/bronze_sword"},
    {"type":"single","resource":"pylon:item/combat/bandage"},
    {"type":"single","resource":"pylon:item/combat/splint"},
    {"type":"single","resource":"pylon:item/combat/disinfectant"},
    {"type":"single","resource":"pylon:item/combat/medkit"},
    {"type":"single","resource":"pylon:item/combat/health_talisman_simple"},
    {"type":"single","resource":"pylon:item/combat/health_talisman_advanced"},
    {"type":"single","resource":"pylon:item/combat/health_talisman_ultimate"},
    {"type":"single","resource":"pylon:item/combat/beheading_sword"},
    {"type":"single","resource":"pylon:item/combat/ice_arrow"},
    {"type":"single","resource":"pylon:item/combat/recoil_arrow"},
    {"type":"single","resource":"pylon:item/combat/reactivated_wither_skull"},
    {"type":"single","resource":"pylon:item/combat/hyper_activated_wither_skull"},
    {"type":"single","resource":"pylon:item/combat/cannon_chamber"},
    {"type":"single","resource":"pylon:item/combat/copper_portable_tank_front"},
    {"type":"single","resource":"pylon:item/combat/copper_pipe"},
    {"type":"single","resource":"pylon:item/combat/copper_tank_casing_roof"},
    {"type":"single","resource":"pylon:item/combat/tin_projectile"},
    {"type":"single","resource":"pylon:item/talismans/bartering_talisman_simple"},
    {"type":"single","resource":"pylon:item/talismans/bartering_talisman_advanced"},
    {"type":"single","resource":"pylon:item/talismans/bartering_talisman_ultimate"},
    {"type":"single","resource":"pylon:item/talismans/farming_talisman_simple"},
    {"type":"single","resource":"pylon:item/talismans/farming_talisman_advanced"},
    {"type":"single","resource":"pylon:item/talismans/farming_talisman_ultimate"},
    {"type":"single","resource":"pylon:item/talismans/bartering_talisman_simple"},
    {"type":"single","resource":"pylon:item/talismans/bartering_talisman_advanced"},
    {"type":"single","resource":"pylon:item/talismans/bartering_talisman_ultimate"},
    {"type":"single","resource":"pylon:item/talismans/water_breathing_talisman_simple"},
    {"type":"single","resource":"pylon:item/talismans/water_breathing_talisman_advanced"},
    {"type":"single","resource":"pylon:item/talismans/water_breathing_talisman_ultimate"},
    {"type":"single","resource":"pylon:item/talismans/luck_talisman_simple"},
    {"type":"single","resource":"pylon:item/talismans/luck_talisman_advanced"},
    {"type":"single","resource":"pylon:item/talismans/luck_talisman_ultimate"},
    {"type":"single","resource":"pylon:item/talismans/breeding_talisman_simple"},
    {"type":"single","resource":"pylon:item/talismans/breeding_talisman_advanced"},
    {"type":"single","resource":"pylon:item/talismans/breeding_talisman_ultimate"},
    {"type":"single","resource":"pylon:item/talismans/hunting_talisman_simple"},
    {"type":"single","resource":"pylon:item/talismans/hunting_talisman_advanced"},
    {"type":"single","resource":"pylon:item/talismans/hunting_talisman_ultimate"},
    {"type":"single","resource":"pylon:item/armor/bronze_helmet"},
    {"type":"single","resource":"pylon:item/armor/bronze_chestplate"},
    {"type":"single","resource":"pylon:item/armor/bronze_leggings"},
    {"type":"single","resource":"pylon:item/armor/bronze_boots"},
    {"type":"single","resource":"pylon:item/food/monster_jerky"},
    {"type":"single","resource":"pylon:item/simple_machines/vacuum_hopper_1"},
    {"type":"single","resource":"pylon:item/simple_machines/vacuum_hopper_2"},
    {"type":"single","resource":"pylon:item/simple_machines/vacuum_hopper_3"},
    {"type":"single","resource":"pylon:item/simple_machines/vacuum_hopper_4"}
  ]
}