{
	"format_version": "1.21.11",
	"credit": "Made with Blockbench",
	"parent": "item/generated",
	"textures": {
		"layer0": "pylon:item/components/sawblade"
	},
	"elements": [
		{
			"from": [0, 0, 8],
			"to": [16, 16, 8],
			"faces": {
				"north": {"uv": [0, 0, 16, 16], "texture": "#layer0"},
				"east": {"uv": [16, 0, 16, 16], "texture": "#missing"},
				"south": {"uv": [16, 0, 0, 16], "texture": "#layer0"},
				"west": {"uv": [0, 0, 0, 16], "texture": "#missing"},
				"up": {"uv": [0, 0, 16, 0], "texture": "#missing"},
				"down": {"uv": [0, 16, 16, 16], "texture": "#missing"}
			}
		}
	],
	"display": {
		"fixed": {
			"scale": [1.5, 1.5, 1.5]
		}
	},
	"author": "Pandicka"
}