{
	"parent": "block/block",
	"author": "Pandicka",
	"textures": {
		"core": "pylon:block/machines/diesel/diesel_machine_block",
		"frame": "pylon:block/machines/diesel/diesel_frame",
		"input": "pylon:block/machines/diesel/diesel_input",
		"particle": "pylon:block/machines/diesel/diesel_frame"
	},
	"elements": [
		{
			"from": [0, 0, 0],
			"to": [16, 16, 16],
			"faces": {
				"north": {"uv": [0, 0, 16, 16], "texture": "#core"},
				"east": {"uv": [0, 0, 16, 16], "texture": "#core"},
				"south": {"uv": [0, 0, 16, 16], "texture": "#core"},
				"west": {"uv": [0, 0, 16, 16], "texture": "#core"},
				"up": {"uv": [0, 0, 16, 16], "texture": "#core"},
				"down": {"uv": [0, 0, 16, 16], "texture": "#core"}
			}
		},
		{
			"from": [-0.8, 1.5, 1.5],
			"to": [16.8, 14.5, 14.5],
			"rotation": {"angle": 0, "axis": "y", "origin": [0, 1.5, 1.5]},
			"faces": {
				"north": {"uv": [1.5, 1.5, 14.5, 14.5], "texture": "#frame"},
				"east": {"uv": [1.5, 1.5, 14.5, 14.5], "texture": "#frame"},
				"south": {"uv": [1.5, 1.5, 14.5, 14.5], "texture": "#frame"},
				"west": {"uv": [1.5, 1.5, 14.5, 14.5], "texture": "#frame"},
				"up": {"uv": [1.5, 1.5, 14.5, 14.5], "rotation": 90, "texture": "#frame"},
				"down": {"uv": [1.5, 1.5, 14.5, 14.5], "rotation": 90, "texture": "#frame"}
			}
		},
		{
			"from": [1.5, 1.5, -0.8],
			"to": [14.5, 14.5, 16.8],
			"rotation": {"angle": 0, "axis": "y", "origin": [0, 1.5, 1.5]},
			"faces": {
				"north": {"uv": [1.5, 1.5, 14.5, 14.5], "texture": "#frame"},
				"east": {"uv": [1.5, 1.5, 14.5, 14.5], "texture": "#frame"},
				"south": {"uv": [1.5, 1.5, 14.5, 14.5], "texture": "#input"},
				"west": {"uv": [1.5, 1.5, 14.5, 14.5], "texture": "#frame"},
				"up": {"uv": [1.5, 1.5, 14.5, 14.5], "texture": "#frame"},
				"down": {"uv": [1.5, 1.5, 14.5, 14.5], "texture": "#frame"}
			}
		}
	],
	"display": {
		"fixed": {
			"scale": [1, 1, 1]
		}
	}
}