{
	"parent": "block/block",
	"author": "Pandicka",
	"textures": {
		"core": "pylon:block/machines/diesel/diesel_machine_block",
		"hammer": "pylon:block/machines/hydraulic/hammer_head_hammer",
		"shaft": "pylon:block/machines/hydraulic/hammer_head_shaft",
		"input": "pylon:block/machines/diesel/diesel_input",
		"particle": "pylon:block/machines/diesel/diesel_frame",
		"frame": "pylon:block/machines/diesel/diesel_frame"
	},
	"elements": [
		{
			"from": [2, 5.8, 2],
			"to": [14, 17.8, 14],
			"rotation": {"angle": 0, "axis": "y", "origin": [0, 6, 0]},
			"faces": {
				"north": {"uv": [0, 0, 16, 16], "texture": "#core"},
				"east": {"uv": [0, 0, 16, 16], "texture": "#core"},
				"south": {"uv": [0, 0, 16, 16], "texture": "#core"},
				"west": {"uv": [0, 0, 16, 16], "texture": "#core"},
				"up": {"uv": [0, 0, 16, 16], "texture": "#core"},
				"down": {"uv": [0, 0, 16, 16], "texture": "#core"}
			}
		},
		{
			"from": [6, -2, 6],
			"to": [10, 6, 10],
			"rotation": {"angle": 0, "axis": "y", "origin": [0, -6, 6]},
			"faces": {
				"north": {"uv": [3, 0, 13, 16], "texture": "#shaft"},
				"east": {"uv": [3, 0, 13, 16], "texture": "#shaft"},
				"south": {"uv": [3, 0, 13, 16], "texture": "#shaft"},
				"west": {"uv": [3, 0, 13, 16], "texture": "#shaft"}
			}
		},
		{
			"from": [4.5, -3, 4.5],
			"to": [11.5, -1.5, 11.5],
			"rotation": {"angle": 0, "axis": "y", "origin": [0, -7, 6]},
			"faces": {
				"north": {"uv": [0, 8, 16, 16], "texture": "#hammer"},
				"east": {"uv": [0, 8, 16, 16], "texture": "#hammer"},
				"south": {"uv": [0, 8, 16, 16], "texture": "#hammer"},
				"west": {"uv": [0, 8, 16, 16], "texture": "#hammer"},
				"up": {"uv": [0, 8, 16, 16], "texture": "#hammer"},
				"down": {"uv": [0, 8, 16, 16], "texture": "#hammer"}
			}
		},
		{
			"from": [4.5, 1, 4.5],
			"to": [11.5, 2.5, 11.5],
			"rotation": {"angle": 0, "axis": "y", "origin": [0, -4, 6]},
			"faces": {
				"north": {"uv": [0, 0, 16, 8], "texture": "#hammer"},
				"east": {"uv": [0, 0, 16, 8], "texture": "#hammer"},
				"south": {"uv": [0, 0, 16, 8], "texture": "#hammer"},
				"west": {"uv": [0, 0, 16, 8], "texture": "#hammer"},
				"up": {"uv": [0, 0, 16, 8], "texture": "#hammer"},
				"down": {"uv": [0, 0, 16, 8], "texture": "#hammer"}
			}
		},
		{
			"from": [6, 17.5, 6],
			"to": [10, 19.5, 10],
			"rotation": {"angle": 0, "axis": "y", "origin": [6, 18.5, 6]},
			"faces": {
				"north": {"uv": [3, 0, 13, 8], "texture": "#shaft"},
				"east": {"uv": [3, 0, 13, 8], "texture": "#shaft"},
				"south": {"uv": [3, 0, 13, 8], "texture": "#shaft"},
				"west": {"uv": [3, 0, 13, 8], "texture": "#shaft"},
				"up": {"uv": [3, 0, 13, 8], "texture": "#shaft"},
				"down": {"uv": [3, 0, 13, 8], "texture": "#shaft"}
			}
		},
		{
			"from": [1.2, 6.95, 3.15],
			"to": [14.8, 16.65, 12.85],
			"rotation": {"angle": 0, "axis": "y", "origin": [0, 7, 3.15]},
			"faces": {
				"north": {"uv": [1.5, 1.5, 14.5, 14.5], "texture": "#frame"},
				"east": {"uv": [1.5, 1.5, 14.5, 14.5], "texture": "#frame"},
				"south": {"uv": [1.5, 1.5, 14.5, 14.5], "texture": "#frame"},
				"west": {"uv": [1.5, 1.5, 14.5, 14.5], "texture": "#frame"},
				"up": {"uv": [1.5, 1.5, 14.5, 14.5], "rotation": 90, "texture": "#frame"},
				"down": {"uv": [1.5, 1.5, 14.5, 14.5], "rotation": 90, "texture": "#frame"}
			}
		},
		{
			"from": [3.15, 6.95, 1.2],
			"to": [12.85, 16.65, 14.8],
			"rotation": {"angle": 0, "axis": "y", "origin": [0, 7.5, 1.5]},
			"faces": {
				"north": {"uv": [1.5, 1.5, 14.5, 14.5], "texture": "#input"},
				"east": {"uv": [1.5, 1.5, 14.5, 14.5], "texture": "#frame"},
				"south": {"uv": [1.5, 1.5, 14.5, 14.5], "texture": "#frame"},
				"west": {"uv": [1.5, 1.5, 14.5, 14.5], "texture": "#frame"},
				"up": {"uv": [1.5, 1.5, 14.5, 14.5], "texture": "#frame"},
				"down": {"uv": [1.5, 1.5, 14.5, 14.5], "texture": "#frame"}
			}
		}
	]
}