{
	"parent": "block/block",
	"author": "Pandicka",
	"textures": {
		"frame": "pylon:block/machines/diesel/diesel_frame",
		"input": "pylon:block/machines/diesel/diesel_input",
		"core": "pylon:block/machines/diesel/diesel_machine_block",
		"particle": "pylon:block/machines/hydraulic/mixing_attachment_spoon",
		"spoon": "pylon:block/machines/hydraulic/mixing_attachment_spoon"
	},
	"elements": [
		{
			"from": [2, 5.8, 2],
			"to": [14, 17.8, 14],
			"rotation": {"angle": 0, "axis": "y", "origin": [0, 6, 0]},
			"faces": {
				"north": {"uv": [0, 0, 16, 16], "texture": "#core"},
				"east": {"uv": [0, 0, 16, 16], "texture": "#core"},
				"south": {"uv": [0, 0, 16, 16], "texture": "#core"},
				"west": {"uv": [0, 0, 16, 16], "texture": "#core"},
				"up": {"uv": [0, 0, 16, 16], "texture": "#core"},
				"down": {"uv": [0, 0, 16, 16], "texture": "#core"}
			}
		},
		{
			"from": [1.2, 6.95, 3.15],
			"to": [14.8, 16.65, 12.85],
			"rotation": {"angle": 0, "axis": "y", "origin": [0, 1.75, 1.5]},
			"faces": {
				"north": {"uv": [1.5, 1.5, 14.5, 14.5], "texture": "#frame"},
				"east": {"uv": [1.5, 1.5, 14.5, 14.5], "texture": "#frame"},
				"south": {"uv": [1.5, 1.5, 14.5, 14.5], "texture": "#frame"},
				"west": {"uv": [1.5, 1.5, 14.5, 14.5], "texture": "#frame"},
				"up": {"uv": [1.5, 1.5, 14.5, 14.5], "rotation": 90, "texture": "#frame"},
				"down": {"uv": [1.5, 1.5, 14.5, 14.5], "rotation": 90, "texture": "#frame"}
			}
		},
		{
			"from": [3.15, 6.95, 1.2],
			"to": [12.85, 16.65, 14.8],
			"rotation": {"angle": 0, "axis": "y", "origin": [0.75, 3.5, 1.5]},
			"faces": {
				"north": {"uv": [1.5, 1.5, 14.5, 14.5], "texture": "#input"},
				"east": {"uv": [1.5, 1.5, 14.5, 14.5], "texture": "#frame"},
				"south": {"uv": [1.5, 1.5, 14.5, 14.5], "texture": "#frame"},
				"west": {"uv": [1.5, 1.5, 14.5, 14.5], "texture": "#frame"},
				"up": {"uv": [1.5, 1.5, 14.5, 14.5], "texture": "#frame"},
				"down": {"uv": [1.5, 1.5, 14.5, 14.5], "texture": "#frame"}
			}
		},
		{
			"from": [7.5, 0, 7.5],
			"to": [8.5, 6, 8.5],
			"rotation": {"angle": 0, "axis": "y", "origin": [1, -6, 7]},
			"faces": {
				"north": {"uv": [3, 4, 4, 9], "texture": "#spoon"},
				"east": {"uv": [3, 4, 4, 9], "texture": "#spoon"},
				"south": {"uv": [3, 4, 4, 9], "texture": "#spoon"},
				"west": {"uv": [3, 4, 4, 9], "texture": "#spoon"},
				"up": {"uv": [3, 4, 4, 9], "texture": "#spoon"},
				"down": {"uv": [3, 4, 4, 9], "texture": "#spoon"}
			}
		},
		{
			"from": [4.5, -5.5, 7.5],
			"to": [11.5, 0, 8.5],
			"rotation": {"angle": 0, "axis": "y", "origin": [8, -2.75, 8]},
			"faces": {
				"north": {"uv": [3, 4, 12, 13], "texture": "#spoon"},
				"east": {"uv": [3, 4, 4, 13], "texture": "#spoon"},
				"south": {"uv": [3, 4, 12, 13], "texture": "#spoon"},
				"west": {"uv": [3, 4, 4, 13], "texture": "#spoon"},
				"up": {"uv": [4, 4, 3, 12], "texture": "#spoon"},
				"down": {"uv": [0, 8, 16, 16], "rotation": 90, "texture": "#spoon"}
			}
		},
		{
			"from": [7.5, -5.5, 4.5],
			"to": [8.5, 0, 11.5],
			"rotation": {"angle": 0, "axis": "y", "origin": [10, -2.75, 6]},
			"faces": {
				"north": {"uv": [3, 4, 4, 13], "texture": "#spoon"},
				"east": {"uv": [3, 4, 12, 13], "texture": "#spoon"},
				"south": {"uv": [3, 4, 4, 13], "texture": "#spoon"},
				"west": {"uv": [3, 4, 12, 13], "texture": "#spoon"},
				"up": {"uv": [4, 4, 3, 12], "texture": "#spoon"},
				"down": {"uv": [0, 8, 16, 16], "rotation": 90, "texture": "#spoon"}
			}
		}
	]
}