{
	"parent": "block/block",
	"author": "Pandicka",
	"textures": {
		"core": "pylon:block/machines/diesel/diesel_machine_block",
		"frame": "pylon:block/machines/diesel/diesel_frame",
		"input": "pylon:block/machines/diesel/diesel_input",
		"top": "pylon:block/machines/diesel/diesel_top",
		"wheel": "pylon:block/machines/hydraulic/pipe_bender_wheel",
		"particle": "pylon:block/machines/diesel/diesel_frame"
	},
	"elements": [
		{
			"from": [0, 0, 0],
			"to": [16, 16, 16],
			"faces": {
				"north": {"uv": [0, 0, 16, 16], "texture": "#core"},
				"east": {"uv": [0, 0, 16, 16], "texture": "#core"},
				"south": {"uv": [0, 0, 16, 16], "texture": "#core"},
				"west": {"uv": [0, 0, 16, 16], "texture": "#core"},
				"up": {"uv": [0, 0, 16, 16], "texture": "#top"},
				"down": {"uv": [0, 0, 16, 16], "texture": "#core"}
			}
		},
		{
			"from": [3.15, 17, 2.55],
			"to": [7.65, 18, 7.05],
			"rotation": {"angle": 0, "axis": "y", "origin": [1.6, 16, 3]},
			"faces": {
				"north": {"uv": [2, 6, 7, 7], "texture": "#wheel"},
				"east": {"uv": [2, 6, 7, 7], "texture": "#wheel"},
				"south": {"uv": [2, 6, 7, 7], "texture": "#wheel"},
				"west": {"uv": [2, 6, 7, 7], "texture": "#wheel"},
				"up": {"uv": [2, 2, 7, 7], "texture": "#wheel"},
				"down": {"uv": [2, 6, 7, 7], "texture": "#wheel"}
			}
		},
		{
			"from": [3.4, 16, 2.8],
			"to": [7.41, 17, 6.81],
			"rotation": {"angle": 0, "axis": "y", "origin": [1.6, 15, 2]},
			"faces": {
				"north": {"uv": [10, 4, 13, 5], "texture": "#wheel"},
				"east": {"uv": [10, 5, 13, 6], "texture": "#wheel"},
				"south": {"uv": [10, 5, 13, 6], "texture": "#wheel"},
				"west": {"uv": [10, 5, 13, 6], "texture": "#wheel"}
			}
		},
		{
			"from": [8.35, 17, 2.55],
			"to": [12.85, 18, 7.05],
			"rotation": {"angle": 0, "axis": "y", "origin": [8.4, 16, 3]},
			"faces": {
				"north": {"uv": [2, 6, 7, 7], "texture": "#wheel"},
				"east": {"uv": [2, 6, 7, 7], "texture": "#wheel"},
				"south": {"uv": [2, 6, 7, 7], "texture": "#wheel"},
				"west": {"uv": [2, 6, 7, 7], "texture": "#wheel"},
				"up": {"uv": [2, 2, 7, 7], "texture": "#wheel"},
				"down": {"uv": [2, 6, 7, 7], "texture": "#wheel"}
			}
		},
		{
			"from": [8.59, 16, 2.8],
			"to": [12.6, 17, 6.81],
			"rotation": {"angle": 0, "axis": "y", "origin": [7.4, 15, 4]},
			"faces": {
				"north": {"uv": [10, 4, 13, 5], "texture": "#wheel"},
				"east": {"uv": [10, 5, 13, 6], "texture": "#wheel"},
				"south": {"uv": [10, 5, 13, 6], "texture": "#wheel"},
				"west": {"uv": [10, 5, 13, 6], "texture": "#wheel"}
			}
		},
		{
			"from": [5.99, 16, 9.19],
			"to": [10.01, 17, 13.2],
			"rotation": {"angle": 0, "axis": "y", "origin": [5, 15, 10]},
			"faces": {
				"north": {"uv": [10, 4, 13, 5], "texture": "#wheel"},
				"east": {"uv": [10, 5, 13, 6], "texture": "#wheel"},
				"south": {"uv": [10, 5, 13, 6], "texture": "#wheel"},
				"west": {"uv": [10, 5, 13, 6], "texture": "#wheel"}
			}
		},
		{
			"from": [5.75, 17, 8.95],
			"to": [10.25, 18, 13.45],
			"rotation": {"angle": 0, "axis": "y", "origin": [6, 16, 10]},
			"faces": {
				"north": {"uv": [2, 6, 7, 7], "texture": "#wheel"},
				"east": {"uv": [2, 6, 7, 7], "texture": "#wheel"},
				"south": {"uv": [2, 6, 7, 7], "texture": "#wheel"},
				"west": {"uv": [2, 6, 7, 7], "texture": "#wheel"},
				"up": {"uv": [2, 2, 7, 7], "texture": "#wheel"},
				"down": {"uv": [2, 6, 7, 7], "texture": "#wheel"}
			}
		},
		{
			"from": [-0.9, 1.5, 1.5],
			"to": [17.1, 14.5, 14.5],
			"rotation": {"angle": 0, "axis": "y", "origin": [0, 1.5, 1.5]},
			"faces": {
				"north": {"uv": [1.5, 1.5, 14.5, 14.5], "texture": "#frame"},
				"east": {"uv": [1.5, 1.5, 14.5, 14.5], "texture": "#frame"},
				"south": {"uv": [1.5, 1.5, 14.5, 14.5], "texture": "#frame"},
				"west": {"uv": [1.5, 1.5, 14.5, 14.5], "texture": "#frame"},
				"up": {"uv": [1.5, 1.5, 14.5, 14.5], "texture": "#frame"},
				"down": {"uv": [1.5, 1.5, 14.5, 14.5], "texture": "#frame"}
			}
		},
		{
			"from": [1.5, 1.5, -0.9],
			"to": [14.5, 14.5, 17.1],
			"rotation": {"angle": 0, "axis": "y", "origin": [0, 1.5, 1.5]},
			"faces": {
				"north": {"uv": [1.5, 1.5, 14.5, 14.5], "texture": "#frame"},
				"east": {"uv": [1.5, 1.5, 14.5, 14.5], "texture": "#frame"},
				"south": {"uv": [1.5, 1.5, 14.5, 14.5], "texture": "#input"},
				"west": {"uv": [1.5, 1.5, 14.5, 14.5], "texture": "#frame"},
				"up": {"uv": [1.5, 1.5, 14.5, 14.5], "texture": "#frame"},
				"down": {"uv": [1.5, 1.5, 14.5, 14.5], "texture": "#frame"}
			}
		}
	],
	"display": {
		"fixed":{
			"scale":[1, 1, 1]
		}
	}
}