{
	"parent": "block/block",
	"author": "Pandicka",
	"textures": {
		"handle": "block/oak_planks",
		"particle": "block/oak_planks"
	},
	"elements": [
		{
			"from": [6, 0, 6],
			"to": [10, 16, 10],
			"rotation": {"angle": 0, "axis": "y", "origin": [2, 0, 2]},
			"faces": {
				"north": {"uv": [6, 0, 10, 16], "texture": "#handle"},
				"east": {"uv": [6, 0, 10, 16], "texture": "#handle"},
				"south": {"uv": [6, 0, 10, 16], "texture": "#handle"},
				"west": {"uv": [6, 0, 10, 16], "texture": "#handle"},
				"up": {"uv": [6, 6, 10, 10], "texture": "#handle", "cullface": "up"},
				"down": {"uv": [6, 6, 10, 10], "texture": "#handle", "cullface": "down"}
			}
		}
	],
	"display": {
		"fixed": {
			"scale": [1, 1, 1]
		}
	}
}