{
	"parent": "minecraft:block/slab",
	"author": "Pandicka",
	"textures": {
		"handle": "minecraft:block/oak_planks",
		"side": "pylon:block/machines/simple_machines/grindstone",
		"top": "block/smooth_stone"
	},
	"elements": [
		{
			"from": [0, 0, 0],
			"to": [16, 6, 16],
			"faces": {
				"north": {"uv": [0, 1, 16, 7], "texture": "#side"},
				"east": {"uv": [0, 1, 16, 7], "texture": "#side"},
				"south": {"uv": [0, 1, 16, 7], "texture": "#side"},
				"west": {"uv": [0, 1, 16, 7], "texture": "#side"},
				"up": {"uv": [0, 0, 16, 16], "texture": "#top"},
				"down": {"uv": [0, 0, 16, 16], "texture": "#top"}
			}
		},
		{
			"from": [0, 9.5, 0],
			"to": [16, 15.5, 16],
			"rotation": {"angle": 0, "axis": "y", "origin": [0, 11, 0]},
			"faces": {
				"north": {"uv": [0, 1, 16, 7], "texture": "#side"},
				"east": {"uv": [0, 1, 16, 7], "texture": "#side"},
				"south": {"uv": [0, 1, 16, 7], "texture": "#side"},
				"west": {"uv": [0, 1, 16, 7], "texture": "#side"},
				"up": {"uv": [0, 0, 16, 16], "texture": "#top"},
				"down": {"uv": [0, 0, 16, 16], "texture": "#top"}
			}
		},
		{
			"name": "Center post",
			"from": [6, 14, 6],
			"to": [10, 24, 10],
			"rotation": {"angle": 0, "axis": "y", "origin": [0, 16, 0]},
			"faces": {
				"north": {"uv": [6, 0, 10, 10], "texture": "#handle"},
				"east": {"uv": [6, 0, 10, 10], "texture": "#handle"},
				"south": {"uv": [6, 0, 10, 10], "texture": "#handle"},
				"west": {"uv": [6, 0, 10, 10], "texture": "#handle"},
				"up": {"uv": [10, 10, 6, 6], "texture": "#handle", "cullface": "up"},
				"down": {"uv": [8, 8, 4, 12], "texture": "#handle", "cullface": "down"}
			}
		}
	],
	"display": {
		"gui": {
			"rotation": [30, -135, 0],
			"translation": [0, -0.75, 0],
			"scale": [0.575, 0.575, 0.575]
		},
		"fixed": {
			"scale": [1, 1, 1]
		}
	}
}