{
	"parent": "block/block",
	"author": "Pandicka",
	"textures": {
		"base": "block/black_wool",
		"lever": "pylon:block/machines/simple_machines/manual_core_drill_lever",
		"particle": "pylon:block/machines/simple_machines/manual_core_drill_lever"
	},
	"elements": [
		{
			"from": [5, -0.02, 4],
			"to": [11, 2.99, 12],
			"faces": {
				"north": {"uv": [5, 0, 11, 3], "texture": "#base"},
				"east": {"uv": [4, 0, 12, 3], "texture": "#base"},
				"south": {"uv": [5, 0, 11, 3], "texture": "#base"},
				"west": {"uv": [4, 0, 12, 3], "texture": "#base"},
				"up": {"uv": [4, 0, 10, 8], "texture": "#base"},
				"down": {"uv": [5, 4, 11, 12], "texture": "#base", "cullface": "down"}
			}
		},
		{
			"from": [7, 1, 7],
			"to": [9.01, 11, 9.01],
			"rotation": {"angle": -45, "axis": "x", "origin": [8, 1, 8]},
			"faces": {
				"north": {"uv": [7, 6, 9, 16], "texture": "#lever"},
				"east": {"uv": [7, 6, 9, 16], "texture": "#lever"},
				"south": {"uv": [7, 6, 9, 16], "texture": "#lever"},
				"west": {"uv": [7, 6, 9, 16], "texture": "#lever"},
				"up": {"uv": [7, 6, 9, 8], "texture": "#lever"}
			}
		},
		{
			"from": [6.75, 9, 6.75],
			"to": [9.25, 11.5, 9.25],
			"rotation": {"angle": -45, "axis": "x", "origin": [8, 1, 8]},
			"faces": {
				"north": {"uv": [7, 6, 9, 8], "texture": "#lever"},
				"east": {"uv": [7, 6, 9, 8], "texture": "#lever"},
				"south": {"uv": [7, 6, 9, 8], "texture": "#lever"},
				"west": {"uv": [7, 6, 9, 8], "texture": "#lever"},
				"up": {"uv": [7, 6, 9, 8], "texture": "#lever"},
				"down": {"uv": [7, 6, 9, 8], "texture": "#lever"}
			}
		}
	],
	"gui_light": "front",
	"display": {
		"gui": {
			"rotation": [110, 0, -45],
			"translation": [3, -2, 0],
			"scale": [0.9, 0.9, 0.9]
		},
		"fixed": {
			"scale": [1, 1, 1]
		}
	}
}