{
	"parent": "block/block",
	"author": "Pandicka",
	"textures": {
		"side": "block/barrel_side",
		"top": "block/barrel_top",
		"bottom": "block/barrel_bottom",
		"rod": "block/anvil",
		"output": "pylon:block/machines/simple_machines/press_output",
		"particle": "block/anvil"
	},
	"elements": [
		{
			"from": [0, 0, 0],
			"to": [16, 2, 16],
			"faces": {
				"up": {"uv": [0, 0, 16, 16], "texture": "#bottom"},
				"down": {"uv": [0, 0, 16, 16], "texture": "#bottom", "cullface": "down"}
			}
		},
		{
			"from": [0, 0, 0],
			"to": [2.05, 16, 16],
			"faces": {
				"north": {"uv": [13.95, 0, 16, 16], "texture": "#side", "cullface": "north"},
				"east": {"uv": [0, 0, 16, 16], "texture": "#side"},
				"south": {"uv": [0, 0, 2.05, 16], "texture": "#side", "cullface": "south"},
				"west": {"uv": [0, 0, 16, 16], "texture": "#side", "cullface": "west"},
				"up": {"uv": [0, 0, 2.05, 16], "texture": "#top", "cullface": "up"}
			}
		},
		{
			"from": [13.95, 0, 0],
			"to": [16, 16, 16],
			"faces": {
				"north": {"uv": [0, 0, 2.05, 16], "texture": "#side", "cullface": "north"},
				"east": {"uv": [0, 0, 16, 16], "texture": "#side", "cullface": "east"},
				"south": {"uv": [13.95, 0, 16, 16], "texture": "#side", "cullface": "south"},
				"west": {"uv": [0, 0, 16, 16], "texture": "#side"},
				"up": {"uv": [13.95, 0, 16, 16], "texture": "#top", "cullface": "up"}
			}
		},
		{
			"from": [2, 0, 0],
			"to": [14, 16, 2.05],
			"faces": {
				"north": {"uv": [2, 0, 14, 16], "texture": "#output", "cullface": "north"},
				"south": {"uv": [2, 0, 14, 16], "texture": "#side"},
				"up": {"uv": [2, 0, 14, 2.05], "texture": "#top", "cullface": "up"}
			}
		},
		{
			"from": [2, 0, 13.95],
			"to": [14, 16, 16],
			"faces": {
				"north": {"uv": [2, 0, 14, 16], "texture": "#side"},
				"south": {"uv": [2, 0, 14, 16], "texture": "#side", "cullface": "south"},
				"up": {"uv": [2, 13.95, 14, 16], "texture": "#top", "cullface": "up"}
			}
		},
		{
			"from": [7, 3, 7],
			"to": [9, 22, 9],
			"rotation": {"angle": 0, "axis": "y", "origin": [7, 20, 7]},
			"faces": {
				"north": {"uv": [7, 0, 9, 16], "texture": "#rod"},
				"east": {"uv": [7, 0, 9, 16], "texture": "#rod"},
				"south": {"uv": [7, 0, 9, 16], "texture": "#rod"},
				"west": {"uv": [7, 0, 9, 16], "texture": "#rod"},
				"up": {"uv": [6, 0, 8, 2], "texture": "#rod"},
				"down": {"uv": [7, 14, 9, 16], "texture": "#rod"}
			}
		}
	],
	"display": {
		"gui": {
			"rotation": [30, -135, 0],
			"scale": [0.625, 0.625, 0.625]
		},
		"fixed": {
			"rotation": [0, 180, 0],
			"scale": [1, 1, 1]
		}
	}
}