{
	"parent": "block/slab",
	"author": "Pandicka",
	"textures": {
		"top": "pylon:block/machines/simple_machines/shimmer_altar_top",
		"particle": "pylon:block/machines/simple_machines/shimmer_altar_side",
		"side": "pylon:block/machines/simple_machines/shimmer_altar_side",
		"bottom": "block/smooth_stone"
	},
	"elements": [
		{
			"from": [0, 0, 0],
			"to": [16, 8.01, 16],
			"faces": {
				"north": {"uv": [0, 8, 16, 16], "texture": "#side"},
				"east": {"uv": [0, 8, 16, 16], "texture": "#side"},
				"south": {"uv": [0, 8, 16, 16], "texture": "#side"},
				"west": {"uv": [0, 8, 16, 16], "texture": "#side"},
				"up": {"uv": [0, 0, 16, 16], "texture": "#top"},
				"down": {"uv": [0, 0, 16, 16], "texture": "#bottom"}
			}
		}
	],
	"display": {
		"fixed": {
			"scale": [1, 1, 1]
		}
	}
}