{
	"parent": "block/block",
	"author": "dongji",
	"ambientocclusion": false,
	"textures": {
		"inside": "pylon:block/machines/simple_machines/vacuum_hopper_1_inside",
		"particle": "pylon:block/machines/simple_machines/vacuum_hopper_1_outside",
		"side": "pylon:block/machines/simple_machines/vacuum_hopper_1_outside",
		"top": "pylon:block/machines/simple_machines/vacuum_hopper_1_top"
	},
	"elements": [
		{
			"from": [2, 9.95, 2],
			"to": [14, 11.05, 14],
			"rotation": {"angle": 0, "axis": "y", "origin": [2, 0, 2]},
			"faces": {
				"north": {"uv": [0, 4.95, 16, 6], "texture": "#inside", "cullface": "north"},
				"east": {"uv": [0, 4.95, 16, 6], "texture": "#inside", "cullface": "east"},
				"south": {"uv": [0, 4.95, 16, 6], "texture": "#inside", "cullface": "south"},
				"west": {"uv": [0, 4.95, 16, 5.95], "rotation": 180, "texture": "#inside", "cullface": "west"},
				"up": {"uv": [0, 0, 16, 16], "texture": "#inside", "cullface": "up"},
				"down": {"uv": [2, 2, 14, 14], "texture": "#inside"}
			}
		},
		{
			"from": [0, 9.95, 0],
			"to": [2.05, 16, 16],
			"faces": {
				"north": {"uv": [13.95, 0, 16, 6], "texture": "#side", "cullface": "north"},
				"east": {"uv": [0, 0, 16, 6], "texture": "#side", "cullface": "up"},
				"south": {"uv": [0, 0, 2.05, 6], "texture": "#side", "cullface": "south"},
				"west": {"uv": [0, 0, 16, 6], "texture": "#side", "cullface": "west"},
				"up": {"uv": [0, 0, 2, 16], "texture": "#top", "cullface": "up"},
				"down": {"uv": [0, 0, 2, 16], "texture": "#inside", "cullface": "down"}
			}
		},
		{
			"from": [13.95, 9.95, 0],
			"to": [16, 16, 16],
			"faces": {
				"north": {"uv": [0, 0, 2.05, 6], "texture": "#side", "cullface": "north"},
				"east": {"uv": [0, 0, 16, 6], "texture": "#side", "cullface": "east"},
				"south": {"uv": [13.95, 0, 16, 6], "texture": "#side", "cullface": "south"},
				"west": {"uv": [0, 0, 16, 6], "texture": "#side", "cullface": "up"},
				"up": {"uv": [14, 0, 16, 16], "texture": "#top", "cullface": "up"},
				"down": {"uv": [14, 0, 16, 16], "texture": "#inside", "cullface": "down"}
			}
		},
		{
			"from": [2, 9.95, 0],
			"to": [14, 16, 2.05],
			"faces": {
				"north": {"uv": [2, 0, 14, 6], "texture": "#side", "cullface": "north"},
				"south": {"uv": [2, 0, 14, 6], "texture": "#side", "cullface": "up"},
				"up": {"uv": [2, 0, 14, 2], "texture": "#top", "cullface": "up"},
				"down": {"uv": [2, 2, 14, 0], "texture": "#inside", "cullface": "down"}
			}
		},
		{
			"from": [2, 9.95, 13.95],
			"to": [14, 16, 16],
			"faces": {
				"north": {"uv": [2, 0, 14, 6], "texture": "#side", "cullface": "up"},
				"south": {"uv": [2, 0, 14, 6], "texture": "#side", "cullface": "south"},
				"up": {"uv": [2, 14, 14, 16], "texture": "#top", "cullface": "up"},
				"down": {"uv": [2, 16, 14, 14], "texture": "#inside", "cullface": "down"}
			}
		},
		{
			"from": [4, 4, 4],
			"to": [12, 10, 12],
			"faces": {
				"north": {"uv": [4, 6, 12, 12], "texture": "#side"},
				"east": {"uv": [4, 6, 12, 12], "texture": "#side"},
				"south": {"uv": [4, 6, 12, 12], "texture": "#side"},
				"west": {"uv": [4, 6, 12, 12], "texture": "#side"},
				"down": {"uv": [4, 4, 12, 12], "texture": "#inside"}
			}
		},
		{
			"from": [6, 0, 6],
			"to": [10.05, 4, 10.05],
			"faces": {
				"north": {"uv": [6, 12, 10, 16], "texture": "#side"},
				"east": {"uv": [6, 12, 10, 16], "texture": "#side"},
				"south": {"uv": [6, 12, 10, 16], "texture": "#side"},
				"west": {"uv": [6, 12, 10, 16], "texture": "#side"},
				"down": {"uv": [6, 6, 10, 10], "texture": "#inside", "cullface": "down"}
			}
		}
	],
	"display": {
		"fixed": {
			"scale": [1, 1, 1]
		}
	}
}