{
	"author": "Pandicka",
	"textures": {
		"1": "pylon:item/combat/copper_pipe",
		"2": "pylon:item/combat/copper_portable_tank_front",
		"3": "pylon:item/combat/cannon_chamber",
		"4": "pylon:item/combat/copper_tank_casing_roof",
		"particle": "pylon:item/combat/copper_portable_tank_front"
	},
	"elements": [
		{
			"from": [15, 4.5, 4.5],
			"to": [17, 9.5, 9.5],
			"rotation": {"angle": 0, "axis": "y", "origin": [17, 3, 9]},
			"faces": {
				"north": {"uv": [0, 8, 8, 10], "rotation": 270, "texture": "#1"},
				"east": {"uv": [0, 0, 8, 8], "texture": "#1"},
				"south": {"uv": [0, 8, 8, 10], "rotation": 90, "texture": "#1"},
				"west": {"uv": [8, 0, 16, 8], "texture": "#1"},
				"up": {"uv": [0, 8, 8, 10], "rotation": 90, "texture": "#1"},
				"down": {"uv": [0, 8, 8, 10], "rotation": 90, "texture": "#1"}
			}
		},
		{
			"from": [10, 5, 5],
			"to": [15, 9, 9],
			"rotation": {"angle": 0, "axis": "y", "origin": [4, 4, 5]},
			"faces": {
				"north": {"uv": [0, 10, 13, 16], "texture": "#1"},
				"south": {"uv": [0, 10, 13, 16], "texture": "#1"},
				"up": {"uv": [0, 10, 13, 16], "texture": "#1"},
				"down": {"uv": [0, 10, 13, 16], "texture": "#1"}
			}
		},
		{
			"from": [9.8, 4.3, 4.9],
			"to": [10.1, 9.3, 9.1],
			"rotation": {"angle": 0, "axis": "y", "origin": [10, 0, 1]},
			"faces": {
				"north": {"uv": [0, 0, 1, 1], "texture": "#3"},
				"east": {"uv": [0, 0, 1, 1], "texture": "#3"},
				"south": {"uv": [0, 0, 1, 1], "texture": "#3"},
				"west": {"uv": [0, 0, 1, 1], "texture": "#3"},
				"up": {"uv": [0, 0, 1, 1], "texture": "#3"},
				"down": {"uv": [0, 0, 1, 1], "texture": "#3"}
			}
		},
		{
			"from": [6, 4.5, 5],
			"to": [10, 8.5, 9],
			"rotation": {"angle": 0, "axis": "x", "origin": [9, 6, 7]},
			"faces": {
				"north": {"uv": [0, 1, 6, 7], "rotation": 180, "texture": "#3"},
				"east": {"uv": [0, 1, 6, 7], "rotation": 180, "texture": "#3"},
				"south": {"uv": [0, 1, 6, 7], "rotation": 180, "texture": "#3"},
				"west": {"uv": [0, 1, 6, 7], "rotation": 180, "texture": "#3"},
				"up": {"uv": [0, 1, 6, 7], "rotation": 180, "texture": "#3"},
				"down": {"uv": [0, 1, 6, 7], "rotation": 180, "texture": "#3"}
			}
		},
		{
			"from": [5.9, 4.3, 4.9],
			"to": [6.2, 9.3, 9.1],
			"rotation": {"angle": 0, "axis": "y", "origin": [6, 0, 1]},
			"faces": {
				"north": {"uv": [0, 0, 1, 1], "texture": "#3"},
				"east": {"uv": [0, 0, 1, 1], "texture": "#3"},
				"south": {"uv": [0, 0, 1, 1], "texture": "#3"},
				"west": {"uv": [0, 0, 1, 1], "texture": "#3"},
				"up": {"uv": [0, 0, 1, 1], "texture": "#3"},
				"down": {"uv": [0, 0, 1, 1], "texture": "#3"}
			}
		},
		{
			"from": [0, 5, 5],
			"to": [6, 9, 9],
			"rotation": {"angle": 0, "axis": "y", "origin": [4, 5, 5]},
			"faces": {
				"north": {"uv": [2, 10, 11, 16], "texture": "#1"},
				"south": {"uv": [2, 10, 11, 16], "texture": "#1"},
				"west": {"uv": [9, 1, 15, 7], "texture": "#1"},
				"up": {"uv": [2, 10, 11, 16], "texture": "#1"},
				"down": {"uv": [2, 10, 11, 16], "texture": "#1"}
			}
		},
		{
			"from": [3, 9.3, 5.9],
			"to": [10.1, 9.9, 8.1],
			"rotation": {"angle": 0, "axis": "z", "origin": [7.32574, 9.38991, 7]},
			"faces": {
				"north": {"uv": [0, 3, 7, 1], "texture": "#3"},
				"east": {"uv": [0, 3, 2, 1], "texture": "#3"},
				"south": {"uv": [0, 3, 7, 1], "texture": "#3"},
				"west": {"uv": [0, 1, 0.6, 3.2], "rotation": 90, "texture": "#3"},
				"up": {"uv": [2, 2, 3, 3], "rotation": 90, "texture": "#3"},
				"down": {"uv": [0, 1, 1, 2], "rotation": 90, "texture": "#3"}
			}
		},
		{
			"from": [0.09451, 9.78419, 5.9],
			"to": [3.09451, 10.38419, 8.1],
			"rotation": {"angle": 20, "axis": "z", "origin": [4.42025, 9.8741, 7]},
			"faces": {
				"north": {"uv": [0, 3, 3, 1], "texture": "#3"},
				"south": {"uv": [0, 3, 3, 1], "texture": "#3"},
				"up": {"uv": [0, 2, 1, 3], "rotation": 90, "texture": "#3"},
				"down": {"uv": [0, 1, 1.2, 2], "rotation": 90, "texture": "#3"}
			}
		},
		{
			"from": [2, 2, 6.25],
			"to": [3.5, 6, 7.75],
			"rotation": {"angle": -20, "axis": "z", "origin": [2, 3, 6]},
			"faces": {
				"north": {"uv": [0, 3, 2, 8], "texture": "#1"},
				"east": {"uv": [0, 3, 1, 8], "texture": "#1"},
				"south": {"uv": [2, 3, 0, 8], "texture": "#1"},
				"west": {"uv": [1, 3, 2, 8], "texture": "#1"},
				"down": {"uv": [0, 1, 1, 2], "texture": "#1"}
			}
		},
		{
			"from": [4, 4, 6.65],
			"to": [4.7, 5.2, 7.35],
			"rotation": {"angle": 0, "axis": "z", "origin": [4, 4, 6]},
			"faces": {
				"north": {"uv": [1, 5, 2, 4], "texture": "#1"},
				"east": {"uv": [1, 2, 2, 4], "texture": "#1"},
				"south": {"uv": [1, 5, 2, 3], "texture": "#1"},
				"west": {"uv": [1, 4, 2, 2], "texture": "#1"},
				"up": {"uv": [3, 1, 2, 2], "rotation": 90, "texture": "#1"},
				"down": {"uv": [1, 3, 2, 2], "texture": "#1"}
			}
		},
		{
			"from": [-1.5, 6, 6],
			"to": [0, 7.8, 8],
			"rotation": {"angle": 0, "axis": "y", "origin": [-4, 5, 6]},
			"faces": {
				"north": {"uv": [6, 5, 8, 7], "texture": "#1"},
				"east": {"uv": [1, 0.2, 3, 2], "texture": "#1"},
				"south": {"uv": [8, 5, 6, 7], "texture": "#1"},
				"west": {"uv": [7, 5, 8, 7], "texture": "#1"},
				"up": {"uv": [8, 6, 6, 5], "texture": "#1"},
				"down": {"uv": [6, 7, 8, 8], "texture": "#1"}
			}
		},
		{
			"from": [-1.5, 10.5, 6],
			"to": [0, 12.3, 8],
			"rotation": {"angle": 0, "axis": "x", "origin": [-4, 5, 6]},
			"faces": {
				"north": {"uv": [8, 5, 6, 7], "rotation": 180, "texture": "#1"},
				"east": {"uv": [1, 0.2, 3, 2], "rotation": 180, "texture": "#1"},
				"south": {"uv": [6, 5, 8, 7], "rotation": 180, "texture": "#1"},
				"west": {"uv": [7, 5, 8, 7], "rotation": 180, "texture": "#1"},
				"up": {"uv": [6, 7, 8, 8], "texture": "#1"},
				"down": {"uv": [8, 6, 6, 5], "texture": "#1"}
			}
		},
		{
			"from": [-1.2, 7.8, 6],
			"to": [-0.2, 10.5, 8],
			"rotation": {"angle": 0, "axis": "y", "origin": [-4, 7, 6]},
			"faces": {
				"north": {"uv": [3, 3, 4, 5], "texture": "#1"},
				"east": {"uv": [3, 3, 4, 5], "texture": "#1"},
				"south": {"uv": [3, 3, 4, 5], "texture": "#1"},
				"west": {"uv": [3, 3, 4, 5], "texture": "#1"},
				"up": {"uv": [3, 3, 4, 5], "texture": "#1"},
				"down": {"uv": [3, 3, 4, 5], "texture": "#1"}
			}
		},
		{
			"from": [0, 9.9, 5.5],
			"to": [9, 13.4, 8.5],
			"rotation": {"angle": 0, "axis": "y", "origin": [0.5, 8.9, 6.4]},
			"faces": {
				"north": {"uv": [0, 0, 16, 16], "texture": "#2"},
				"east": {"uv": [0, 0, 16, 16], "texture": "#4"},
				"south": {"uv": [0, 0, 16, 16], "texture": "#2"},
				"west": {"uv": [0, 0, 16, 16], "texture": "#4"},
				"up": {"uv": [0, 0, 16, 16], "texture": "#4"},
				"down": {"uv": [0, 0, 16, 16], "texture": "#4"}
			}
		}
	],
	"gui_light": "front",
	"display": {
		"thirdperson_righthand": {
			"rotation": [0, 90, 0],
			"translation": [0.8, 3, -2.5],
			"scale": [0.85, 0.85, 0.85]
		},
		"thirdperson_lefthand": {
			"rotation": [0, -90, 0],
			"translation": [-0.8, 3, -2.5],
			"scale": [0.85, 0.85, 0.85]
		},
		"firstperson_righthand": {
			"rotation": [0, 90, 0],
			"translation": [1, 3.2, 0],
			"scale": [0.6, 0.6, 0.6]
		},
		"firstperson_lefthand": {
			"rotation": [0, -90, 0],
			"translation": [-0.2, 3.2, 0],
			"scale": [0.6, 0.6, 0.6]
		},
		"ground": {
			"translation": [0, 1.5, 0],
			"scale": [0.5, 0.5, 0.5]
		},
		"gui": {
			"rotation": [0, -180, 40],
			"translation": [-0.25, 0.5, 0],
			"scale": [0.85, 0.85, 0.85]
		}
	}
}