{
	"parent": "pylon:block/machines/cargo/cargo_duct",
	"author": "Pandicka",
	"textures": {
		"input": "pylon:block/machines/cargo/cargo_inserter",
		"side": "block/note_block",
		"fluidinput": "pylon:block/machines/pipes/copper_portable_tank_input",
		"fluidoutput": "pylon:block/machines/pipes/copper_portable_tank_output",
		"duct": "pylon:block/machines/cargo/cargo_duct_alt",
		"output": "pylon:block/machines/cargo/cargo_extractor",
		"particle": "pylon:block/machines/cargo/cargo_duct_alt"
	},
	"elements": [
		{
			"from": [2.39, 2.4, 2.39],
			"to": [13.64, 13.65, 13.64],
			"rotation": {"angle": 0, "axis": "y", "origin": [-2, 0, -3]},
			"faces": {
				"north": {"uv": [3, 3, 13, 13], "texture": "#duct"},
				"east": {"uv": [3, 3, 13, 13], "texture": "#duct"},
				"south": {"uv": [3, 3, 13, 13], "texture": "#duct"},
				"west": {"uv": [3, 3, 13, 13], "texture": "#duct"},
				"up": {"uv": [3, 3, 13, 13], "texture": "#duct"},
				"down": {"uv": [3, 3, 13, 13], "texture": "#duct"}
			}
		},
		{
			"from": [4.79, 4.79, 1.6],
			"to": [11.29, 11.29, 2.6],
			"rotation": {"angle": 0, "axis": "y", "origin": [5, 4.75, 12.75]},
			"faces": {
				"north": {"uv": [2, 4, 10, 12], "texture": "#output"},
				"east": {"uv": [2, 4, 3, 5], "texture": "#output"},
				"west": {"uv": [2, 4, 3, 12], "texture": "#output"},
				"up": {"uv": [2, 4, 3, 10.5], "texture": "#output"},
				"down": {"uv": [2, 4, 3, 10.5], "texture": "#output"}
			}
		},
		{
			"from": [4.79, 4.79, 13.4],
			"to": [11.29, 11.29, 14.4],
			"faces": {
				"north": {"uv": [2, 4, 3, 10.5], "texture": "#input"},
				"east": {"uv": [2, 4, 3, 10.5], "texture": "#input"},
				"south": {"uv": [2, 4, 10, 12], "texture": "#input"},
				"west": {"uv": [2, 4, 3, 10.5], "texture": "#input"},
				"up": {"uv": [2, 4, 3, 10.5], "texture": "#input"},
				"down": {"uv": [2, 4, 3, 10.5], "texture": "#input"}
			}
		},
		{
			"from": [4, 2, 4],
			"to": [12, 14, 12],
			"rotation": {"angle": 0, "axis": "y", "origin": [4, 13, 4]},
			"faces": {
				"north": {"uv": [0, 15, 16, 16], "texture": "#side", "cullface": "north"},
				"east": {"uv": [0, 15, 16, 16], "texture": "#side", "cullface": "east"},
				"south": {"uv": [0, 15, 16, 16], "texture": "#side", "cullface": "south"},
				"west": {"uv": [0, 15, 16, 16], "texture": "#side", "cullface": "west"},
				"up": {"uv": [0, 16, 16, 0], "texture": "#side"},
				"down": {"uv": [0, 0, 16, 16], "texture": "#side", "cullface": "down"}
			}
		},
		{
			"from": [2.389, 5.99, 5.99],
			"to": [13.644, 10.01, 10.01],
			"rotation": {"angle": 0, "axis": "y", "origin": [-2, 0, 0]},
			"faces": {
				"east": {"uv": [6, 6, 10, 10], "texture": "#fluidoutput"},
				"west": {"uv": [6, 6, 10, 10], "rotation": 90, "texture": "#fluidinput"}
			}
		}
	]
}