{
	"parent": "block/block",
	"author": "Pandicka",
	"textures": {
		"particle": "pylon:block/machines/pipes/copper_tank_casing_top",
		"side": "pylon:block/machines/pipes/copper_tank_casing_top",
		"top": "pylon:block/machines/pipes/copper_tank_casing_roof"
	},
	"elements": [
		{
			"from": [1, 15.8, 1],
			"to": [15, 16, 15],
			"rotation": {"angle": 0, "axis": "y", "origin": [1, 15, 1]},
			"faces": {
				"north": {"uv": [1, 0, 15, 1], "texture": "#side"},
				"east": {"uv": [1, 0, 15, 1], "texture": "#side"},
				"south": {"uv": [1, 0, 15, 1], "texture": "#side"},
				"west": {"uv": [1, 0, 15, 1], "texture": "#side"},
				"up": {"uv": [1, 1, 15, 15], "texture": "#top"},
				"down": {"uv": [1, 1, 15, 15], "texture": "#top"}
			}
		},
		{
			"from": [15, 15, 1],
			"to": [16, 16, 15],
			"rotation": {"angle": 0, "axis": "y", "origin": [15, 15, 1]},
			"faces": {
				"north": {"uv": [0, 0, 1, 1], "rotation": 270, "texture": "#side"},
				"east": {"uv": [1, 0, 15, 1], "texture": "#side"},
				"south": {"uv": [0, 0, 1, 1], "rotation": 270, "texture": "#side"},
				"west": {"uv": [0, 1, 1, 15], "rotation": 270, "texture": "#side"},
				"up": {"uv": [0, 1, 1, 15], "rotation": 180, "texture": "#side"},
				"down": {"uv": [0, 1, 1, 15], "texture": "#side"}
			}
		},
		{
			"from": [15, 0, 1],
			"to": [16, 1, 15],
			"rotation": {"angle": 0, "axis": "y", "origin": [15, 0, 1]},
			"faces": {
				"north": {"uv": [0, 0, 1, 1], "rotation": 270, "texture": "#side"},
				"east": {"uv": [1, 15, 15, 16], "texture": "#side"},
				"south": {"uv": [0, 0, 1, 1], "rotation": 270, "texture": "#side"},
				"west": {"uv": [1, 15, 15, 16], "texture": "#side"}
			}
		},
		{
			"from": [0, 0, 1],
			"to": [1, 1, 15],
			"rotation": {"angle": 0, "axis": "y", "origin": [0, 0, 1]},
			"faces": {
				"north": {"uv": [1, 15, 15, 16], "rotation": 270, "texture": "#side"},
				"east": {"uv": [1, 15, 15, 16], "texture": "#side"},
				"south": {"uv": [0, 0, 1, 1], "rotation": 270, "texture": "#side"},
				"west": {"uv": [1, 15, 15, 16], "texture": "#side"}
			}
		},
		{
			"from": [0, 15, 1],
			"to": [1, 16, 15],
			"rotation": {"angle": 0, "axis": "y", "origin": [0, 15, 1]},
			"faces": {
				"north": {"uv": [0, 0, 1, 1], "rotation": 270, "texture": "#side"},
				"east": {"uv": [0, 1, 1, 15], "rotation": 270, "texture": "#side"},
				"south": {"uv": [0, 0, 1, 1], "rotation": 270, "texture": "#side"},
				"west": {"uv": [1, 0, 15, 1], "texture": "#side"},
				"up": {"uv": [0, 1, 1, 15], "rotation": 180, "texture": "#side"},
				"down": {"uv": [0, 1, 1, 15], "texture": "#side"}
			}
		},
		{
			"from": [1, 0, 15],
			"to": [15, 1, 16],
			"rotation": {"angle": 0, "axis": "y", "origin": [15, 0, 15]},
			"faces": {
				"north": {"uv": [1, 15, 15, 16], "texture": "#side"},
				"east": {"uv": [0, 0, 1, 1], "rotation": 270, "texture": "#side"},
				"south": {"uv": [1, 15, 15, 16], "texture": "#side"},
				"west": {"uv": [0, 0, 1, 1], "rotation": 270, "texture": "#side"}
			}
		},
		{
			"from": [1, 0, 0],
			"to": [15, 1, 1],
			"rotation": {"angle": 0, "axis": "y", "origin": [15, 0, 0]},
			"faces": {
				"north": {"uv": [1, 15, 15, 16], "texture": "#side"},
				"east": {"uv": [0, 0, 1, 1], "rotation": 270, "texture": "#side"},
				"south": {"uv": [1, 15, 15, 16], "texture": "#side"},
				"west": {"uv": [0, 0, 1, 1], "rotation": 270, "texture": "#side"}
			}
		},
		{
			"from": [1, 15, 15],
			"to": [15, 16, 16],
			"rotation": {"angle": 0, "axis": "y", "origin": [15, 15, 15]},
			"faces": {
				"north": {"uv": [0, 1, 1, 15], "rotation": 270, "texture": "#side"},
				"east": {"uv": [0, 0, 1, 1], "rotation": 270, "texture": "#side"},
				"south": {"uv": [1, 0, 15, 1], "texture": "#side"},
				"west": {"uv": [0, 0, 1, 1], "rotation": 270, "texture": "#side"},
				"up": {"uv": [0, 1, 1, 15], "rotation": 270, "texture": "#side"},
				"down": {"uv": [0, 1, 1, 15], "rotation": 270, "texture": "#side"}
			}
		},
		{
			"from": [15, 0, 0],
			"to": [16, 16, 1],
			"rotation": {"angle": 0, "axis": "y", "origin": [15, 1, 0]},
			"faces": {
				"north": {"uv": [0, 0, 1, 16], "texture": "#side"},
				"east": {"uv": [1, 0, 0, 16], "texture": "#side"},
				"south": {"uv": [0, 0, 1, 16], "texture": "#side"},
				"west": {"uv": [0, 0, 1, 16], "texture": "#side"},
				"up": {"uv": [0, 0, 1, 1], "texture": "#side"},
				"down": {"uv": [0, 0, 0, 0], "texture": "#side"}
			}
		},
		{
			"from": [1, 15, 0],
			"to": [15, 16, 1],
			"rotation": {"angle": 0, "axis": "y", "origin": [15, 15, 0]},
			"faces": {
				"north": {"uv": [1, 0, 15, 1], "texture": "#side"},
				"east": {"uv": [0, 0, 1, 1], "rotation": 270, "texture": "#side"},
				"south": {"uv": [0, 1, 1, 15], "rotation": 270, "texture": "#side"},
				"west": {"uv": [0, 0, 1, 1], "rotation": 270, "texture": "#side"},
				"up": {"uv": [0, 1, 1, 15], "rotation": 270, "texture": "#side"},
				"down": {"uv": [0, 1, 1, 15], "rotation": 270, "texture": "#side"}
			}
		},
		{
			"from": [0, 0, 15],
			"to": [1, 16, 16],
			"rotation": {"angle": 0, "axis": "y", "origin": [0, 1, 15]},
			"faces": {
				"north": {"uv": [0, 0, 1, 16], "texture": "#side"},
				"east": {"uv": [1, 0, 0, 16], "texture": "#side"},
				"south": {"uv": [0, 0, 1, 16], "texture": "#side"},
				"west": {"uv": [0, 0, 1, 16], "texture": "#side"},
				"up": {"uv": [0, 0, 1, 1], "texture": "#side"},
				"down": {"uv": [0, 0, 0, 0], "texture": "#side"}
			}
		},
		{
			"from": [0, 0, 0],
			"to": [1, 16, 1],
			"rotation": {"angle": 0, "axis": "y", "origin": [0, 1, 0]},
			"faces": {
				"north": {"uv": [0, 0, 1, 16], "texture": "#side"},
				"east": {"uv": [1, 0, 0, 16], "texture": "#side"},
				"south": {"uv": [0, 0, 1, 16], "texture": "#side"},
				"west": {"uv": [0, 0, 1, 16], "texture": "#side"},
				"up": {"uv": [0, 0, 1, 1], "texture": "#side"},
				"down": {"uv": [0, 0, 0, 0], "texture": "#side"}
			}
		},
		{
			"from": [15, 0, 15],
			"to": [16, 16, 16],
			"rotation": {"angle": 0, "axis": "y", "origin": [15, 1, 15]},
			"faces": {
				"north": {"uv": [0, 0, 1, 16], "texture": "#side"},
				"east": {"uv": [1, 0, 0, 16], "texture": "#side"},
				"south": {"uv": [0, 0, 1, 16], "texture": "#side"},
				"west": {"uv": [0, 0, 1, 16], "texture": "#side"},
				"up": {"uv": [0, 0, 1, 1], "texture": "#side"},
				"down": {"uv": [0, 0, 0, 0], "texture": "#side"}
			}
		},
		{
			"from": [0, 1, 1],
			"to": [1, 15, 15],
			"rotation": {"angle": 0, "axis": "y", "origin": [0, 16, 1]},
			"faces": {
				"north": {"uv": [1, 0, 15, 1], "rotation": 270, "texture": "#side"},
				"east": {"uv": [15, 1, 1, 15], "texture": "#side"},
				"south": {"uv": [1, 0, 15, 1], "rotation": 90, "texture": "#side"},
				"west": {"uv": [1, 1, 15, 15], "texture": "#side"}
			}
		},
		{
			"from": [15, 1, 1],
			"to": [16, 15, 15],
			"rotation": {"angle": 0, "axis": "y", "origin": [15, 16, 1]},
			"faces": {
				"north": {"uv": [1, 0, 15, 1], "rotation": 270, "texture": "#side"},
				"east": {"uv": [1, 1, 15, 15], "texture": "#side"},
				"south": {"uv": [1, 0, 15, 1], "rotation": 90, "texture": "#side"},
				"west": {"uv": [15, 1, 1, 15], "texture": "#side"}
			}
		},
		{
			"from": [1, 1, 15],
			"to": [15, 15, 16],
			"rotation": {"angle": 0, "axis": "y", "origin": [15, 16, 15]},
			"faces": {
				"north": {"uv": [15, 1, 1, 15], "texture": "#side"},
				"east": {"uv": [1, 0, 15, 1], "rotation": 270, "texture": "#side"},
				"south": {"uv": [1, 1, 15, 15], "texture": "#side"},
				"west": {"uv": [1, 0, 15, 1], "rotation": 90, "texture": "#side"},
				"up": {"uv": [0, 0, 0, 0], "texture": "#side"}
			}
		},
		{
			"from": [1, 1, 0],
			"to": [15, 15, 1],
			"rotation": {"angle": 0, "axis": "x", "origin": [15, 16, 0]},
			"faces": {
				"north": {"uv": [1, 1, 15, 15], "texture": "#side"},
				"east": {"uv": [1, 0, 15, 1], "rotation": 270, "texture": "#side"},
				"south": {"uv": [15, 1, 1, 15], "texture": "#side"},
				"west": {"uv": [1, 0, 15, 1], "rotation": 90, "texture": "#side"}
			}
		}
	],
	"display": {
		"fixed": {
			"scale": [1, 1, 1]
		}
	}
}