{
	"parent": "block/block",
	"author": "Pandicka",
	"textures": {
		"front": "pylon:block/machines/pipes/fluid_tank_input",
		"side": "pylon:block/machines/pipes/fluid_tank_side",
		"back": "pylon:block/machines/pipes/fluid_tank_output",
		"particle": "pylon:block/machines/pipes/fluid_tank_input"
	},
	"elements": [
		{
			"from": [0, 0, 0],
			"to": [16, 16, 16],
			"faces": {
				"north": {"uv": [0, 0, 16, 16], "texture": "#back"},
				"east": {"uv": [0, 0, 16, 16], "texture": "#side"},
				"south": {"uv": [0, 0, 16, 16], "texture": "#front"},
				"west": {"uv": [0, 0, 16, 16], "texture": "#side"},
				"up": {"uv": [0, 0, 16, 16], "texture": "#side"},
				"down": {"uv": [0, 0, 16, 16], "texture": "#side"}
			}
		}
	],
	"display":{
		"fixed": {
			"scale": [1, 1, 1]
		}
	}
}