{
	"format_version": "1.21.11",
	"credit": "Made with Blockbench",
	"textures": {
		"particle": "pylon:block/machines/pipes/steel_pipe",
		"pipe": "pylon:block/machines/pipes/steel_pipe"
	},
	"elements": [
		{
			"from": [14, 4, 4],
			"to": [16, 12, 12],
			"rotation": {"angle": 0, "axis": "y", "origin": [16, 2, 9]},
			"faces": {
				"north": {"uv": [0, 8, 8, 10], "rotation": 270, "texture": "#pipe"},
				"east": {"uv": [0, 0, 8, 8], "texture": "#pipe"},
				"south": {"uv": [0, 8, 8, 10], "rotation": 90, "texture": "#pipe"},
				"west": {"uv": [8, 0, 16, 8], "texture": "#pipe"},
				"up": {"uv": [0, 8, 8, 10], "rotation": 90, "texture": "#pipe"},
				"down": {"uv": [0, 8, 8, 10], "rotation": 90, "texture": "#pipe"}
			}
		},
		{
			"from": [0, 5, 5],
			"to": [14, 11, 11],
			"rotation": {"angle": 0, "axis": "y", "origin": [1, 5, 5]},
			"faces": {
				"north": {"uv": [0, 10, 13, 16], "texture": "#pipe"},
				"east": {"uv": [0, 0, 6, 6], "texture": "#pipe"},
				"south": {"uv": [0, 10, 13, 16], "texture": "#pipe"},
				"west": {"uv": [1, 1, 7, 7], "texture": "#pipe"},
				"up": {"uv": [0, 10, 13, 16], "texture": "#pipe"},
				"down": {"uv": [0, 10, 13, 16], "texture": "#pipe"}
			}
		}
	],
	"gui_light": "front",
	"display": {
		"thirdperson_righthand": {
			"rotation": [75, 0, 0],
			"translation": [0, 1, 0],
			"scale": [0.38, 0.38, 0.38]
		},
		"thirdperson_lefthand": {
			"rotation": [75, 0, 0],
			"translation": [0, 1, 0],
			"scale": [0.38, 0.38, 0.38]
		},
		"firstperson_righthand": {
			"translation": [0.5, 0, 0],
			"scale": [0.4, 0.4, 0.4]
		},
		"firstperson_lefthand": {
			"translation": [0.5, 0, 0],
			"scale": [0.4, 0.4, 0.4]
		},
		"ground": {
			"translation": [0, 1.5, 0],
			"scale": [0.5, 0.5, 0.5]
		},
		"gui": {
			"rotation": [30, -45, 0],
			"scale": [0.8, 0.8, 0.8]
		},
		"fixed": {
			"rotation": [0, 0, 0],
			"scale": [1, 1, 1]
		}
	},
	"author": "Pandicka"
}