{
	"parent": "block/block",
	"author": "Pandicka",
	"textures": {
		"particle": "pylon:block/machines/hydraulic/machine_input",
		"input": "pylon:block/machines/hydraulic/machine_input",
		"output": "pylon:block/machines/hydraulic/machine_output",
		"side": "pylon:block/machines/hydraulic/machine_side",
		"top": "pylon:block/machines/hydraulic/machine_top",
		"wheel": "pylon:block/machines/hydraulic/pipe_bender_wheel"
	},
	"elements": [
		{
			"from": [0, 0, 0],
			"to": [16, 16, 16],
			"faces": {
				"north": {"uv": [0, 0, 16, 16], "texture": "#output"},
				"east": {"uv": [0, 0, 16, 16], "texture": "#side"},
				"south": {"uv": [0, 0, 16, 16], "texture": "#input"},
				"west": {"uv": [0, 0, 16, 16], "texture": "#side"},
				"up": {"uv": [0, 0, 16, 16], "texture": "#top"},
				"down": {"uv": [0, 0, 16, 16], "texture": "#side"}
			}
		},
		{
			"from": [2.55, 17, 2.55],
			"to": [7.05, 18, 7.05],
			"rotation": {"angle": 0, "axis": "y", "origin": [1, 16, 3]},
			"faces": {
				"north": {"uv": [2, 6, 7, 7], "texture": "#wheel"},
				"east": {"uv": [2, 6, 7, 7], "texture": "#wheel"},
				"south": {"uv": [2, 6, 7, 7], "texture": "#wheel"},
				"west": {"uv": [2, 6, 7, 7], "texture": "#wheel"},
				"up": {"uv": [2, 2, 7, 7], "texture": "#wheel"},
				"down": {"uv": [2, 6, 7, 7], "texture": "#wheel"}
			}
		},
		{
			"from": [2.8, 16, 2.8],
			"to": [6.81, 17, 6.81],
			"rotation": {"angle": 0, "axis": "y", "origin": [1, 15, 2]},
			"faces": {
				"north": {"uv": [10, 4, 13, 5], "texture": "#wheel"},
				"east": {"uv": [10, 5, 13, 6], "texture": "#wheel"},
				"south": {"uv": [10, 5, 13, 6], "texture": "#wheel"},
				"west": {"uv": [10, 5, 13, 6], "texture": "#wheel"}
			}
		},
		{
			"from": [8.95, 17, 2.55],
			"to": [13.45, 18, 7.05],
			"rotation": {"angle": 0, "axis": "y", "origin": [9, 16, 3]},
			"faces": {
				"north": {"uv": [2, 6, 7, 7], "texture": "#wheel"},
				"east": {"uv": [2, 6, 7, 7], "texture": "#wheel"},
				"south": {"uv": [2, 6, 7, 7], "texture": "#wheel"},
				"west": {"uv": [2, 6, 7, 7], "texture": "#wheel"},
				"up": {"uv": [2, 2, 7, 7], "texture": "#wheel"},
				"down": {"uv": [2, 6, 7, 7], "texture": "#wheel"}
			}
		},
		{
			"from": [9.19, 16, 2.8],
			"to": [13.2, 17, 6.81],
			"rotation": {"angle": 0, "axis": "y", "origin": [8, 15, 4]},
			"faces": {
				"north": {"uv": [10, 4, 13, 5], "texture": "#wheel"},
				"east": {"uv": [10, 5, 13, 6], "texture": "#wheel"},
				"south": {"uv": [10, 5, 13, 6], "texture": "#wheel"},
				"west": {"uv": [10, 5, 13, 6], "texture": "#wheel"}
			}
		},
		{
			"from": [5.99, 16, 9.19],
			"to": [10.01, 17, 13.2],
			"rotation": {"angle": 0, "axis": "y", "origin": [5, 15, 10]},
			"faces": {
				"north": {"uv": [10, 4, 13, 5], "texture": "#wheel"},
				"east": {"uv": [10, 5, 13, 6], "texture": "#wheel"},
				"south": {"uv": [10, 5, 13, 6], "texture": "#wheel"},
				"west": {"uv": [10, 5, 13, 6], "texture": "#wheel"}
			}
		},
		{
			"from": [5.75, 17, 8.95],
			"to": [10.25, 18, 13.45],
			"rotation": {"angle": 0, "axis": "y", "origin": [6, 16, 10]},
			"faces": {
				"north": {"uv": [2, 6, 7, 7], "texture": "#wheel"},
				"east": {"uv": [2, 6, 7, 7], "texture": "#wheel"},
				"south": {"uv": [2, 6, 7, 7], "texture": "#wheel"},
				"west": {"uv": [2, 6, 7, 7], "texture": "#wheel"},
				"up": {"uv": [2, 2, 7, 7], "texture": "#wheel"},
				"down": {"uv": [2, 6, 7, 7], "texture": "#wheel"}
			}
		}
	],
	"display": {
		"gui": {
			"rotation": [30, 45, 0],
			"scale": [0.625, 0.625, 0.625]
		},
		"fixed": {
			"scale": [1, 1, 1]
		}
	}
}