{
	"parent": "block/block",
	"author": "Pandicka",
	"textures": {
		"shaft": "pylon:block/machines/hydraulic/press_piston_shaft",
		"piston": "pylon:block/machines/hydraulic/press_piston_head",
		"input": "pylon:block/machines/hydraulic/machine_input",
		"output": "pylon:block/machines/hydraulic/machine_output",
		"side": "pylon:block/machines/hydraulic/machine_side",
		"particle": "pylon:block/machines/hydraulic/press_piston_shaft"
	},
	"elements": [
		{
			"from": [2, 5.8, 2],
			"to": [14, 17.8, 14],
			"rotation": {"angle": 0, "axis": "y", "origin": [0, 6, 0]},
			"faces": {
				"north": {"uv": [0, 0, 16, 16], "texture": "#input"},
				"east": {"uv": [0, 0, 16, 16], "texture": "#side"},
				"south": {"uv": [0, 0, 16, 16], "texture": "#output"},
				"west": {"uv": [0, 0, 16, 16], "texture": "#side"},
				"up": {"uv": [0, 0, 16, 16], "texture": "#side"},
				"down": {"uv": [0, 0, 16, 16], "texture": "#side"}
			}
		},
		{
			"from": [6, -2, 6],
			"to": [10, 6, 10],
			"rotation": {"angle": 0, "axis": "y", "origin": [0, -6, 6]},
			"faces": {
				"north": {"uv": [3, 0, 13, 16], "texture": "#shaft"},
				"east": {"uv": [3, 0, 13, 16], "texture": "#shaft"},
				"south": {"uv": [3, 0, 13, 16], "texture": "#shaft"},
				"west": {"uv": [3, 0, 13, 16], "texture": "#shaft"}
			}
		},
		{
			"from": [4.5, -3, 4.5],
			"to": [11.5, -1.5, 11.5],
			"rotation": {"angle": 0, "axis": "y", "origin": [0, -7, 6]},
			"faces": {
				"north": {"uv": [0, 8, 16, 16], "texture": "#piston"},
				"east": {"uv": [0, 8, 16, 16], "texture": "#piston"},
				"south": {"uv": [0, 8, 16, 16], "texture": "#piston"},
				"west": {"uv": [0, 8, 16, 16], "texture": "#piston"},
				"up": {"uv": [0, 8, 16, 16], "texture": "#piston"},
				"down": {"uv": [0, 8, 16, 16], "texture": "#piston"}
			}
		},
		{
			"from": [4.5, 1, 4.5],
			"to": [11.5, 2.5, 11.5],
			"rotation": {"angle": 0, "axis": "y", "origin": [0, -4, 6]},
			"faces": {
				"north": {"uv": [0, 0, 16, 8], "texture": "#piston"},
				"east": {"uv": [0, 0, 16, 8], "texture": "#piston"},
				"south": {"uv": [0, 0, 16, 8], "texture": "#piston"},
				"west": {"uv": [0, 0, 16, 8], "texture": "#piston"},
				"up": {"uv": [0, 0, 16, 8], "texture": "#piston"},
				"down": {"uv": [0, 0, 16, 8], "texture": "#piston"}
			}
		},
		{
			"from": [6, 17, 6],
			"to": [10, 19, 10],
			"rotation": {"angle": 0, "axis": "y", "origin": [6, 18, 6]},
			"faces": {
				"north": {"uv": [3, 0, 13, 8], "texture": "#shaft"},
				"east": {"uv": [3, 0, 13, 8], "texture": "#shaft"},
				"south": {"uv": [3, 0, 13, 8], "texture": "#shaft"},
				"west": {"uv": [3, 0, 13, 8], "texture": "#shaft"},
				"up": {"uv": [3, 0, 13, 8], "texture": "#shaft"},
				"down": {"uv": [3, 0, 13, 8], "texture": "#shaft"}
			}
		}
	],
	"display": {
		"gui": {
			"rotation": [30, -135, 0],
			"scale": [0.625, 0.625, 0.625]
		}
	}
}