{
	"format_version": "1.21.11",
	"credit": "Made with Blockbench",
	"parent": "block/block",
	"textures": {
		"1": "pylon:block/machines/hydraulic/solar_lens",
		"particle": "pylon:block/machines/hydraulic/solar_lens"
	},
	"elements": [
		{
			"from": [7, 0, 0],
			"to": [9, 16, 16],
			"rotation": {"angle": 0, "axis": "y", "origin": [0, 0, 16]},
			"faces": {
				"north": {"uv": [0, 0, 1, 16], "texture": "#1"},
				"east": {"uv": [0, 0, 16, 16], "texture": "#1"},
				"south": {"uv": [15, 0, 16, 16], "texture": "#1"},
				"west": {"uv": [0, 0, 16, 16], "texture": "#1"},
				"up": {"uv": [1, 16, 0, 0], "texture": "#1"},
				"down": {"uv": [0, 16, 16, 15], "rotation": 90, "texture": "#1"}
			}
		}
	],
	"display": {
		"gui": {
			"rotation": [0, 90, 0]
		},
		"fixed": {
			"scale": [1.01, 1, 1.01]
		}
	}
}