{
  "model": {
    "type": "select",
    "property": "custom_model_data",
    "index": 0,
    "cases": [
      {
        "when": "pylon:charcoal_block",
        "model": {
          "type": "model",
          "model": "pylon:block/resources/charcoal_block"
        }
      },
      {
        "when": "pylon:tin_block",
        "model": {
          "type": "model",
          "model": "pylon:block/resources/tin_block"
        }
      },
      {
        "when": "pylon:bronze_block",
        "model": {
          "type": "model",
          "model": "pylon:block/resources/bronze_block"
        }
      },
      {
        "when": "pylon:steel_block",
        "model": {
          "type": "model",
          "model": "pylon:block/resources/steel_block"
        }
      },
      {
        "when": "pylon:nickel_block",
        "model": {
          "type": "model",
          "model": "pylon:block/resources/nickel_block"
        }
      },
      {
        "when": "pylon:cobalt_block",
        "model": {
          "type": "model",
          "model": "pylon:block/resources/cobalt_block"
        }
      },
      {
        "when": "pylon:portable_fluid_tank_wood",
        "model": {
          "type": "model",
          "model": "pylon:block/machines/pipes/wood_portable_tank"
        }
      },
      {
        "when": "pylon:portable_fluid_tank_copper",
        "model": {
          "type": "model",
          "model": "pylon:block/machines/pipes/copper_portable_tank"
        }
      },
      {
        "when": "pylon:portable_fluid_tank_tin",
        "model": {
          "type": "model",
          "model": "pylon:block/machines/pipes/tin_portable_tank"
        }
      },
      {
        "when": "pylon:portable_fluid_tank_iron",
        "model": {
          "type": "model",
          "model": "pylon:block/machines/pipes/iron_portable_tank"
        }
      },
      {
        "when": "pylon:portable_fluid_tank_bronze",
        "model": {
          "type": "model",
          "model": "pylon:block/machines/pipes/bronze_portable_tank"
        }
      },
      {
        "when": "pylon:portable_fluid_tank_steel",
        "model": {
          "type": "model",
          "model": "pylon:block/machines/pipes/steel_portable_tank"
        }
      },
      {
        "when": "pylon:fluid_tank_casing_wood",
        "model": {
          "type": "select",
          "property": "custom_model_data",
          "index": 1,
          "cases": [
            {
              "when": "shape=bottom",
              "model": {
                "type": "model",
                "model": "pylon:block/machines/pipes/wood_tank_casing_bottom"
              }
            },
            {
              "when": "shape=middle",
              "model": {
                "type": "model",
                "model": "pylon:block/machines/pipes/wood_tank_casing_middle"
              }
            },
            {
              "when": "shape=top",
              "model": {
                "type": "model",
                "model": "pylon:block/machines/pipes/wood_tank_casing_top"
              }
            }
          ],
          "fallback": {
            "type": "model",
            "model": "pylon:block/machines/pipes/wood_tank_casing"
          }
        }
      },
      {
        "when": "pylon:fluid_tank_casing_copper",
        "model": {
          "type": "select",
          "property": "custom_model_data",
          "index": 1,
          "cases": [
            {
              "when": "shape=bottom",
              "model": {
                "type": "model",
                "model": "pylon:block/machines/pipes/copper_tank_casing_bottom"
              }
            },
            {
              "when": "shape=middle",
              "model": {
                "type": "model",
                "model": "pylon:block/machines/pipes/copper_tank_casing_middle"
              }
            },
            {
              "when": "shape=top",
              "model": {
                "type": "model",
                "model": "pylon:block/machines/pipes/copper_tank_casing_top"
              }
            }
          ],
          "fallback": {
            "type": "model",
            "model": "pylon:block/machines/pipes/copper_tank_casing"
          }
        }
      },
      {
        "when": "pylon:fluid_tank_casing_tin",
        "model": {
          "type": "select",
          "property": "custom_model_data",
          "index": 1,
          "cases": [
            {
              "when": "shape=bottom",
              "model": {
                "type": "model",
                "model": "pylon:block/machines/pipes/tin_tank_casing_bottom"
              }
            },
            {
              "when": "shape=middle",
              "model": {
                "type": "model",
                "model": "pylon:block/machines/pipes/tin_tank_casing_middle"
              }
            },
            {
              "when": "shape=top",
              "model": {
                "type": "model",
                "model": "pylon:block/machines/pipes/tin_tank_casing_top"
              }
            }
          ],
          "fallback": {
            "type": "model",
            "model": "pylon:block/machines/pipes/tin_tank_casing"
          }
        }
      },
      {
        "when": "pylon:fluid_tank_casing_iron",
        "model": {
          "type": "select",
          "property": "custom_model_data",
          "index": 1,
          "cases": [
            {
              "when": "shape=bottom",
              "model": {
                "type": "model",
                "model": "pylon:block/machines/pipes/iron_tank_casing_bottom"
              }
            },
            {
              "when": "shape=middle",
              "model": {
                "type": "model",
                "model": "pylon:block/machines/pipes/iron_tank_casing_middle"
              }
            },
            {
              "when": "shape=top",
              "model": {
                "type": "model",
                "model": "pylon:block/machines/pipes/iron_tank_casing_top"
              }
            }
          ],
          "fallback": {
            "type": "model",
            "model": "pylon:block/machines/pipes/iron_tank_casing"
          }
        }
      },
      {
        "when": "pylon:fluid_tank_casing_bronze",
        "model": {
          "type": "select",
          "property": "custom_model_data",
          "index": 1,
          "cases": [
            {
              "when": "shape=bottom",
              "model": {
                "type": "model",
                "model": "pylon:block/machines/pipes/bronze_tank_casing_bottom"
              }
            },
            {
              "when": "shape=middle",
              "model": {
                "type": "model",
                "model": "pylon:block/machines/pipes/bronze_tank_casing_middle"
              }
            },
            {
              "when": "shape=top",
              "model": {
                "type": "model",
                "model": "pylon:block/machines/pipes/bronze_tank_casing_top"
              }
            }
          ],
          "fallback": {
            "type": "model",
            "model": "pylon:block/machines/pipes/bronze_tank_casing"
          }
        }
      },
      {
        "when": "pylon:fluid_tank_casing_steel",
        "model": {
          "type": "select",
          "property": "custom_model_data",
          "index": 1,
          "cases": [
            {
              "when": "shape=bottom",
              "model": {
                "type": "model",
                "model": "pylon:block/machines/pipes/steel_tank_casing_bottom"
              }
            },
            {
              "when": "shape=middle",
              "model": {
                "type": "model",
                "model": "pylon:block/machines/pipes/steel_tank_casing_middle"
              }
            },
            {
              "when": "shape=top",
              "model": {
                "type": "model",
                "model": "pylon:block/machines/pipes/steel_tank_casing_top"
              }
            }
          ],
          "fallback": {
            "type": "model",
            "model": "pylon:block/machines/pipes/steel_tank_casing"
          }
        }
      },
      {
        "when": "pylon:refractory_bricks",
        "model": {
          "type": "model",
          "model": "pylon:block/machines/smeltery/refractory_bricks"
        }
      },
      {
        "when": "pylon:smeltery_controller",
        "model": {
          "type": "select",
          "property": "custom_model_data",
          "index": 1,
          "cases": [
            {
              "when": "facing=north",
              "model": {
                "type": "select",
                "property": "custom_model_data",
                "index": 2,
                "cases": [
                  {
                    "when": "lit=true",
                    "model": {
                      "type": "model",
                      "model": "pylon:block/machines/smeltery/smeltery_controller_north_lit"
                    }
                  },
                  {
                    "when": "lit=false",
                    "model": {
                      "type": "model",
                      "model": "pylon:block/machines/smeltery/smeltery_controller_north"
                    }
                  }
                ],
                "fallback": {
                  "type": "model",
                  "model": "pylon:block/machines/smeltery/smeltery_controller_north"
                }
              }
            },
            {
              "when": "facing=east",
              "model": {
                "type": "select",
                "property": "custom_model_data",
                "index": 2,
                "cases": [
                  {
                    "when": "lit=true",
                    "model": {
                      "type": "model",
                      "model": "pylon:block/machines/smeltery/smeltery_controller_east_lit"
                    }
                  },
                  {
                    "when": "lit=false",
                    "model": {
                      "type": "model",
                      "model": "pylon:block/machines/smeltery/smeltery_controller_east"
                    }
                  }
                ],
                "fallback": {
                  "type": "model",
                  "model": "pylon:block/machines/smeltery/smeltery_controller_east"
                }
              }
            },
            {
              "when": "facing=south",
              "model": {
                "type": "select",
                "property": "custom_model_data",
                "index": 2,
                "cases": [
                  {
                    "when": "lit=true",
                    "model": {
                      "type": "model",
                      "model": "pylon:block/machines/smeltery/smeltery_controller_south_lit"
                    }
                  },
                  {
                    "when": "lit=false",
                    "model": {
                      "type": "model",
                      "model": "pylon:block/machines/smeltery/smeltery_controller_south"
                    }
                  }
                ],
                "fallback": {
                  "type": "model",
                  "model": "pylon:block/machines/smeltery/smeltery_controller_south"
                }
              }
            },
            {
              "when": "facing=west",
              "model": {
                "type": "select",
                "property": "custom_model_data",
                "index": 2,
                "cases": [
                  {
                    "when": "lit=true",
                    "model": {
                      "type": "model",
                      "model": "pylon:block/machines/smeltery/smeltery_controller_west_lit"
                    }
                  },
                  {
                    "when": "lit=false",
                    "model": {
                      "type": "model",
                      "model": "pylon:block/machines/smeltery/smeltery_controller_west"
                    }
                  }
                ],
                "fallback": {
                  "type": "model",
                  "model": "pylon:block/machines/smeltery/smeltery_controller_west"
                }
              }
            }
          ],
          "fallback": {
            "type": "model",
            "model": "pylon:block/machines/smeltery/smeltery_controller_north"
          }
        }
      },
      {
        "when": "pylon:smeltery_input_hatch",
        "model": {
          "type": "select",
          "property": "custom_model_data",
          "index": 1,
          "cases": [
            {
              "when": "facing=north",
              "model": {
                "type": "model",
                "model": "pylon:block/machines/smeltery/smeltery_input_hatch_north"
              }
            },
            {
              "when": "facing=east",
              "model": {
                "type": "model",
                "model": "pylon:block/machines/smeltery/smeltery_input_hatch_east"
              }
            },
            {
              "when": "facing=south",
              "model": {
                "type": "model",
                "model": "pylon:block/machines/smeltery/smeltery_input_hatch_south"
              }
            },
            {
              "when": "facing=west",
              "model": {
                "type": "model",
                "model": "pylon:block/machines/smeltery/smeltery_input_hatch_west"
              }
            }
          ],
          "fallback": {
            "type": "model",
            "model": "pylon:block/machines/smeltery/smeltery_input_hatch_north"
          }
        }
      },
      {
        "when": "pylon:smeltery_output_hatch",
        "model": {
          "type": "select",
          "property": "custom_model_data",
          "index": 1,
          "cases": [
            {
              "when": "facing=north",
              "model": {
                "type": "model",
                "model": "pylon:block/machines/smeltery/smeltery_output_hatch_north"
              }
            },
            {
              "when": "facing=east",
              "model": {
                "type": "model",
                "model": "pylon:block/machines/smeltery/smeltery_output_hatch_east"
              }
            },
            {
              "when": "facing=south",
              "model": {
                "type": "model",
                "model": "pylon:block/machines/smeltery/smeltery_output_hatch_south"
              }
            },
            {
              "when": "facing=west",
              "model": {
                "type": "model",
                "model": "pylon:block/machines/smeltery/smeltery_output_hatch_west"
              }
            }
          ],
          "fallback": {
            "type": "model",
            "model": "pylon:block/machines/smeltery/smeltery_output_hatch_north"
          }
        }
      },
      {
        "when": "pylon:smeltery_hopper",
        "model": {
          "type": "model",
          "model": "pylon:block/machines/smeltery/smeltery_hopper"
        }
      },
      {
        "when": "pylon:smeltery_burner",
        "model": {
          "type": "select",
          "property": "custom_model_data",
          "index": 1,
          "cases": [
            {
              "when": "facing=north",
              "model": {
                "type": "select",
                "property": "custom_model_data",
                "index": 2,
                "cases": [
                  {
                    "when": "lit=true",
                    "model": {
                      "type": "model",
                      "model": "pylon:block/machines/smeltery/smeltery_burner_north_lit"
                    }
                  },
                  {
                    "when": "lit=false",
                    "model": {
                      "type": "model",
                      "model": "pylon:block/machines/smeltery/smeltery_burner_north"
                    }
                  }
                ],
                "fallback": {
                  "type": "model",
                  "model": "pylon:block/machines/smeltery/smeltery_burner_north"
                }
              }
            },
            {
              "when": "facing=east",
              "model": {
                "type": "select",
                "property": "custom_model_data",
                "index": 2,
                "cases": [
                  {
                    "when": "lit=true",
                    "model": {
                      "type": "model",
                      "model": "pylon:block/machines/smeltery/smeltery_burner_east_lit"
                    }
                  },
                  {
                    "when": "lit=false",
                    "model": {
                      "type": "model",
                      "model": "pylon:block/machines/smeltery/smeltery_burner_east"
                    }
                  }
                ],
                "fallback": {
                  "type": "model",
                  "model": "pylon:block/machines/smeltery/smeltery_burner_east"
                }
              }
            },
            {
              "when": "facing=south",
              "model": {
                "type": "select",
                "property": "custom_model_data",
                "index": 2,
                "cases": [
                  {
                    "when": "lit=true",
                    "model": {
                      "type": "model",
                      "model": "pylon:block/machines/smeltery/smeltery_burner_south_lit"
                    }
                  },
                  {
                    "when": "lit=false",
                    "model": {
                      "type": "model",
                      "model": "pylon:block/machines/smeltery/smeltery_burner_south"
                    }
                  }
                ],
                "fallback": {
                  "type": "model",
                  "model": "pylon:block/machines/smeltery/smeltery_burner_south"
                }
              }
            },
            {
              "when": "facing=west",
              "model": {
                "type": "select",
                "property": "custom_model_data",
                "index": 2,
                "cases": [
                  {
                    "when": "lit=true",
                    "model": {
                      "type": "model",
                      "model": "pylon:block/machines/smeltery/smeltery_burner_west_lit"
                    }
                  },
                  {
                    "when": "lit=false",
                    "model": {
                      "type": "model",
                      "model": "pylon:block/machines/smeltery/smeltery_burner_west"
                    }
                  }
                ],
                "fallback": {
                  "type": "model",
                  "model": "pylon:block/machines/smeltery/smeltery_burner_west"
                }
              }
            }
          ],
          "fallback": {
            "type": "model",
            "model": "pylon:block/machines/smeltery/smeltery_burner_north"
          }
        }
      },
      {
        "when": "pylon:smeltery_caster",
        "model": {
          "type": "model",
          "model": "pylon:block/machines/smeltery/smeltery_caster"
        }
      },
      {
        "when": "pylon:mixing_pot",
        "model": {
          "type": "select",
          "property": "custom_model_data",
          "index": 1,
          "cases": [
            {
              "when": "facing=north",
              "model": {
                "type": "model",
                "model": "pylon:block/machines/simple_machines/mixing_pot_north"
              }
            },
            {
              "when": "facing=east",
              "model": {
                "type": "model",
                "model": "pylon:block/machines/simple_machines/mixing_pot_east"
              }
            },
            {
              "when": "facing=south",
              "model": {
                "type": "model",
                "model": "pylon:block/machines/simple_machines/mixing_pot_south"
              }
            },
            {
              "when": "facing=west",
              "model": {
                "type": "model",
                "model": "pylon:block/machines/simple_machines/mixing_pot_west"
              }
            }
          ],
          "fallback": {
            "type": "model",
            "model": "pylon:block/machines/simple_machines/mixing_pot_north"
          }
        }
      },
      {
        "when": "pylon:shimmer_pedestal",
        "model": {
          "type": "model",
          "model": "pylon:block/machines/simple_machines/shimmer_pedestal"
        }
      },
      {
        "when": "pylon:shimmer_altar",
        "model": {
          "type": "model",
          "model": "pylon:block/machines/simple_machines/shimmer_altar"
        }
      },
      {
        "when": "pylon:manual_core_drill",
        "model": {
          "type": "model",
          "model": "pylon:block/machines/simple_machines/manual_core_drill"
        }
      },
      {
        "when": "pylon:improved_manual_core_drill",
        "model": {
          "type": "model",
          "model": "pylon:block/machines/simple_machines/improved_manual_core_drill"
        }
      },
      {
        "when": "pylon:manual_core_drill_lever",
        "model": {
          "type": "model",
          "model": "pylon:block/machines/simple_machines/manual_core_drill_lever"
        }
      },
      {
        "when": "pylon:enriched_soul_soil",
        "model": {
          "type": "model",
          "model": "pylon:block/components/enriched_soul_soil"
        }
      },
      {
        "when": "pylon:refractory_mix",
        "model": {
          "type": "model",
          "model": "pylon:block/resources/refractory_mix"
        }
      },
      {
        "when": "pylon:press",
        "model": {
          "type": "select",
          "property": "custom_model_data",
          "index": 2,
          "cases": [
            {
              "when": "facing=north",
              "model": {
                "type": "model",
                "model": "pylon:block/machines/simple_machines/press_north"
              }
            },
            {
              "when": "facing=east",
              "model": {
                "type": "model",
                "model": "pylon:block/machines/simple_machines/press_east"
              }
            },
            {
              "when": "facing=south",
              "model": {
                "type": "model",
                "model": "pylon:block/machines/simple_machines/press_south"
              }
            },
            {
              "when": "facing=west",
              "model": {
                "type": "model",
                "model": "pylon:block/machines/simple_machines/press_west"
              }
            }
          ],
          "fallback": {
            "type": "model",
            "model": "pylon:block/machines/simple_machines/press_north"
          }
        }
      },
      {
        "when": "pylon:hydraulic_table_saw",
        "model": {
          "type": "select",
          "property": "custom_model_data",
          "index": 1,
          "cases": [
            {
              "when": "facing=north",
              "model": {
                "type": "model",
                "model": "pylon:block/machines/hydraulic/table_saw_north"
              }
            },
            {
              "when": "facing=east",
              "model": {
                "type": "model",
                "model": "pylon:block/machines/hydraulic/table_saw_east"
              }
            },
            {
              "when": "facing=south",
              "model": {
                "type": "model",
                "model": "pylon:block/machines/hydraulic/table_saw_south"
              }
            },
            {
              "when": "facing=west",
              "model": {
                "type": "model",
                "model": "pylon:block/machines/hydraulic/table_saw_west"
              }
            }
          ],
          "fallback": {
            "type": "model",
            "model": "pylon:block/machines/hydraulic/table_saw_north"
          }
        }
      },
      {
        "when": "pylon:igneous_composite",
        "model": {
          "type": "model",
          "model": "pylon:block/building/igneous_composite"
        }
      },
      {
        "when": "pylon:fluid_pipe_igneous_composite",
        "model": {
          "type": "model",
          "model": "pylon:block/machines/pipes/igneous_composite_pipe"
        }
      },
      {
        "when": "pylon:fluid_tank_casing_igneous_composite",
        "model": {
          "type": "select",
          "property": "custom_model_data",
          "index": 1,
          "cases": [
            {
              "when": "shape=bottom",
              "model": {
                "type": "model",
                "model": "pylon:block/machines/pipes/igneous_composite_tank_casing_bottom"
              }
            },
            {
              "when": "shape=middle",
              "model": {
                "type": "model",
                "model": "pylon:block/machines/pipes/igneous_composite_tank_casing_middle"
              }
            },
            {
              "when": "shape=top",
              "model": {
                "type": "model",
                "model": "pylon:block/machines/pipes/igneous_composite_tank_casing_top"
              }
            }
          ],
          "fallback": {
            "type": "model",
            "model": "pylon:block/machines/pipes/igneous_composite_tank_casing"
          }
        }
      },
      {
        "when": "pylon:portable_fluid_tank_igneous_composite",
        "model": {
          "type": "model",
          "model": "pylon:block/machines/pipes/igneous_composite_portable_tank"
        }
      },
      {
        "when": "pylon:fluid_tank",
        "model": {
          "type": "select",
          "property": "custom_model_data",
          "index": 1,
          "cases": [
            {
              "when": "facing=north",
              "model": {
                "type": "model",
                "model": "pylon:block/machines/pipes/fluid_tank_north"
              }
            },
            {
              "when": "facing=east",
              "model": {
                "type": "model",
                "model": "pylon:block/machines/pipes/fluid_tank_east"
              }
            },
            {
              "when": "facing=south",
              "model": {
                "type": "model",
                "model": "pylon:block/machines/pipes/fluid_tank_south"
              }
            },
            {
              "when": "facing=west",
              "model": {
                "type": "model",
                "model": "pylon:block/machines/pipes/fluid_tank_west"
              }
            }
          ],
          "fallback": {
            "type": "model",
            "model": "pylon:block/machines/pipes/fluid_tank_north"
          }
        }
      },
      {
        "when": "pylon:vacuum_hopper_1",
        "model": {
          "type": "select",
          "property": "custom_model_data",
          "index": 1,
          "cases": [
            {
              "when": "facing=north",
              "model": {
                "type": "model",
                "model": "pylon:block/machines/simple_machines/vacuum_hopper_1_north"
              }
            },
            {
              "when": "facing=east",
              "model": {
                "type": "model",
                "model": "pylon:block/machines/simple_machines/vacuum_hopper_1_east"
              }
            },
            {
              "when": "facing=south",
              "model": {
                "type": "model",
                "model": "pylon:block/machines/simple_machines/vacuum_hopper_1_south"
              }
            },
            {
              "when": "facing=west",
              "model": {
                "type": "model",
                "model": "pylon:block/machines/simple_machines/vacuum_hopper_1_west"
              }
            }
          ],
          "fallback": {
            "type": "model",
            "model": "pylon:block/machines/simple_machines/vacuum_hopper_1"
          }
        }
      },
      {
        "when": "pylon:vacuum_hopper_2",
        "model": {
          "type": "select",
          "property": "custom_model_data",
          "index": 1,
          "cases": [
            {
              "when": "facing=north",
              "model": {
                "type": "model",
                "model": "pylon:block/machines/simple_machines/vacuum_hopper_2_north"
              }
            },
            {
              "when": "facing=east",
              "model": {
                "type": "model",
                "model": "pylon:block/machines/simple_machines/vacuum_hopper_2_east"
              }
            },
            {
              "when": "facing=south",
              "model": {
                "type": "model",
                "model": "pylon:block/machines/simple_machines/vacuum_hopper_2_south"
              }
            },
            {
              "when": "facing=west",
              "model": {
                "type": "model",
                "model": "pylon:block/machines/simple_machines/vacuum_hopper_2_west"
              }
            }
          ],
          "fallback": {
            "type": "model",
            "model": "pylon:block/machines/simple_machines/vacuum_hopper_2"
          }
        }
      },
      {
        "when": "pylon:vacuum_hopper_3",
        "model": {
          "type": "select",
          "property": "custom_model_data",
          "index": 1,
          "cases": [
            {
              "when": "facing=north",
              "model": {
                "type": "model",
                "model": "pylon:block/machines/simple_machines/vacuum_hopper_3_north"
              }
            },
            {
              "when": "facing=east",
              "model": {
                "type": "model",
                "model": "pylon:block/machines/simple_machines/vacuum_hopper_3_east"
              }
            },
            {
              "when": "facing=south",
              "model": {
                "type": "model",
                "model": "pylon:block/machines/simple_machines/vacuum_hopper_3_south"
              }
            },
            {
              "when": "facing=west",
              "model": {
                "type": "model",
                "model": "pylon:block/machines/simple_machines/vacuum_hopper_3_west"
              }
            }
          ],
          "fallback": {
            "type": "model",
            "model": "pylon:block/machines/simple_machines/vacuum_hopper_3"
          }
        }
      },
      {
        "when": "pylon:vacuum_hopper_4",
        "model": {
          "type": "select",
          "property": "custom_model_data",
          "index": 1,
          "cases": [
            {
              "when": "facing=north",
              "model": {
                "type": "model",
                "model": "pylon:block/machines/simple_machines/vacuum_hopper_4_north"
              }
            },
            {
              "when": "facing=east",
              "model": {
                "type": "model",
                "model": "pylon:block/machines/simple_machines/vacuum_hopper_4_east"
              }
            },
            {
              "when": "facing=south",
              "model": {
                "type": "model",
                "model": "pylon:block/machines/simple_machines/vacuum_hopper_4_south"
              }
            },
            {
              "when": "facing=west",
              "model": {
                "type": "model",
                "model": "pylon:block/machines/simple_machines/vacuum_hopper_4_west"
              }
            }
          ],
          "fallback": {
            "type": "model",
            "model": "pylon:block/machines/simple_machines/vacuum_hopper_4"
          }
        }
      },
      {
        "when": "pylon:explosive_target",
        "model": {
          "type": "model",
          "model": "pylon:block/building/explosive_target"
        }
      },
      {
        "when": "pylon:explosive_target_fiery",
        "model": {
          "type": "model",
          "model": "pylon:block/building/fiery_explosive_target"
        }
      },
      {
        "when": "pylon:explosive_target_super",
        "model": {
          "type": "model",
          "model": "pylon:block/building/super_explosive_target"
        }
      },
      {
        "when": "pylon:explosive_target_super_fiery",
        "model": {
          "type": "model",
          "model": "pylon:block/building/super_fiery_explosive_target"
        }
      },
      {
        "when": "pylon:bloomery",
        "model": {
          "type": "model",
          "model": "pylon:block/machines/smeltery/bloomery"
        }
      },
      {
        "when": "pylon:hydraulic_hammer_head",
        "model": {
          "type": "select",
          "property": "custom_model_data",
          "index": 1,
          "cases": [
            {
              "when": "facing=north",
              "model": {
                "type": "model",
                "model": "pylon:block/machines/hydraulic/hammer_head_north"
              }
            },
            {
              "when": "facing=east",
              "model": {
                "type": "model",
                "model": "pylon:block/machines/hydraulic/hammer_head_east"
              }
            },
            {
              "when": "facing=south",
              "model": {
                "type": "model",
                "model": "pylon:block/machines/hydraulic/hammer_head_south"
              }
            },
            {
              "when": "facing=west",
              "model": {
                "type": "model",
                "model": "pylon:block/machines/hydraulic/hammer_head_west"
              }
            }
          ],
          "fallback": {
            "type": "model",
            "model": "pylon:block/machines/hydraulic/hammer_head_north"
          }
        }
      },
      {
        "when": "pylon:hydraulic_pipe_bender",
        "model": {
          "type": "select",
          "property": "custom_model_data",
          "index": 1,
          "cases": [
            {
              "when": "facing=north",
              "model": {
                "type": "model",
                "model": "pylon:block/machines/hydraulic/pipe_bender_north"
              }
            },
            {
              "when": "facing=east",
              "model": {
                "type": "model",
                "model": "pylon:block/machines/hydraulic/pipe_bender_east"
              }
            },
            {
              "when": "facing=south",
              "model": {
                "type": "model",
                "model": "pylon:block/machines/hydraulic/pipe_bender_south"
              }
            },
            {
              "when": "facing=west",
              "model": {
                "type": "model",
                "model": "pylon:block/machines/hydraulic/pipe_bender_west"
              }
            }
          ],
          "fallback": {
            "type": "model",
            "model": "pylon:block/machines/hydraulic/pipe_bender_north"
          }
        }
      },
      {
        "when": "pylon:hydraulic_mixing_attachment",
        "model": {
          "type": "select",
          "property": "custom_model_data",
          "index": 1,
          "cases": [
            {
              "when": "facing=north",
              "model": {
                "type": "model",
                "model": "pylon:block/machines/hydraulic/mixing_attachment_north"
              }
            },
            {
              "when": "facing=east",
              "model": {
                "type": "model",
                "model": "pylon:block/machines/hydraulic/mixing_attachment_east"
              }
            },
            {
              "when": "facing=south",
              "model": {
                "type": "model",
                "model": "pylon:block/machines/hydraulic/mixing_attachment_south"
              }
            },
            {
              "when": "facing=west",
              "model": {
                "type": "model",
                "model": "pylon:block/machines/hydraulic/mixing_attachment_west"
              }
            }
          ],
          "fallback": {
            "type": "model",
            "model": "pylon:block/machines/hydraulic/mixing_attachment_north"
          }
        }
      },
      {
        "when": "pylon:hydraulic_press_piston",
        "model": {
          "type": "select",
          "property": "custom_model_data",
          "index": 1,
          "cases": [
            {
              "when": "facing=north",
              "model": {
                "type": "model",
                "model": "pylon:block/machines/hydraulic/press_piston_north"
              }
            },
            {
              "when": "facing=east",
              "model": {
                "type": "model",
                "model": "pylon:block/machines/hydraulic/press_piston_east"
              }
            },
            {
              "when": "facing=south",
              "model": {
                "type": "model",
                "model": "pylon:block/machines/hydraulic/press_piston_south"
              }
            },
            {
              "when": "facing=west",
              "model": {
                "type": "model",
                "model": "pylon:block/machines/hydraulic/press_piston_west"
              }
            }
          ],
          "fallback": {
            "type": "model",
            "model": "pylon:block/machines/hydraulic/press_piston_north"
          }
        }
      },
      {
        "when": "pylon:solar_lens",
        "model": {
          "type": "select",
          "property": "custom_model_data",
          "index": 1,
          "cases": [
            {
              "when": "east=false",
              "model": {
                "type": "model",
                "model": "pylon:block/machines/hydraulic/solar_lens_south"

              }
            },
            {
              "when": "east=true",
              "model": {
                "type": "model",
                "model": "pylon:block/machines/hydraulic/solar_lens_east"
              }
            }
          ],
          "fallback": {
            "type": "model",
            "model": "pylon:block/machines/hydraulic/solar_lens_south"
          }
        }
      },
      {
        "when": "pylon:cargo_duct",
        "model": {
          "type": "model",
          "model": "pylon:block/machines/cargo/cargo_duct"
        }
      },
      {
        "when": "pylon:cargo_inserter",
        "model": {
          "type": "select",
          "property": "custom_model_data",
          "index": 1,
          "cases": [
            {
              "when": "facing=north",
              "model": {
                "type": "model",
                "model": "pylon:block/machines/cargo/cargo_inserter_north"
              }
            },
            {
              "when": "facing=east",
              "model": {
                "type": "model",
                "model": "pylon:block/machines/cargo/cargo_inserter_east"
              }
            },
            {
              "when": "facing=south",
              "model": {
                "type": "model",
                "model": "pylon:block/machines/cargo/cargo_inserter_south"
              }
            },
            {
              "when": "facing=west",
              "model": {
                "type": "model",
                "model": "pylon:block/machines/cargo/cargo_inserter_west"
              }
            }
          ],
          "fallback": {
            "type": "model",
            "model": "pylon:block/machines/cargo/cargo_inserter_north"
          }
        }
      },
      {
        "when": "pylon:cargo_extractor",
        "model": {
          "type": "select",
          "property": "custom_model_data",
          "index": 1,
          "cases": [
            {
              "when": "facing=north",
              "model": {
                "type": "model",
                "model": "pylon:block/machines/cargo/cargo_extractor_north"
              }
            },
            {
              "when": "facing=east",
              "model": {
                "type": "model",
                "model": "pylon:block/machines/cargo/cargo_extractor_east"
              }
            },
            {
              "when": "facing=south",
              "model": {
                "type": "model",
                "model": "pylon:block/machines/cargo/cargo_extractor_south"
              }
            },
            {
              "when": "facing=west",
              "model": {
                "type": "model",
                "model": "pylon:block/machines/cargo/cargo_extractor_west"
              }
            }
          ],
          "fallback": {
            "type": "model",
            "model": "pylon:block/machines/cargo/cargo_extractor_north"
          }
        }
      },
      {
        "when": "pylon:pedestal",
        "model": {
          "type": "model",
          "model": "pylon:block/building/pedestal"
        }
      },
      {
        "when": "pylon:elevator_1",
        "model": {
          "type": "model",
          "model": "pylon:block/building/elevator_1"
        }
      },
      {
        "when": "pylon:elevator_2",
        "model": {
          "type": "model",
          "model": "pylon:block/building/elevator_2"
        }
      },
      {
        "when": "pylon:elevator_3",
        "model": {
          "type": "model",
          "model": "pylon:block/building/elevator_3"
        }
      },
      {
        "when": "pylon:cargo_valve",
        "model": {
          "type": "select",
          "property": "custom_model_data",
          "index": 1,
          "cases": [
            {
              "when": "facing=north",
              "model": {
                "type": "model",
                "model": "pylon:block/machines/cargo/cargo_valve_north"
              }
            },
            {
              "when": "facing=east",
              "model": {
                "type": "model",
                "model": "pylon:block/machines/cargo/cargo_valve_east"
              }
            },
            {
              "when": "facing=south",
              "model": {
                "type": "model",
                "model": "pylon:block/machines/cargo/cargo_valve_south"
              }
            },
            {
              "when": "facing=west",
              "model": {
                "type": "model",
                "model": "pylon:block/machines/cargo/cargo_valve_west"
              }
            }
          ],
          "fallback": {
            "type": "model",
            "model": "pylon:block/machines/cargo/cargo_valve_north"
          }
        }
      },
      {
        "when": "pylon:creative_fluid_source",
        "model": {
          "type": "model",
          "model": "pylon:block/machines/pipes/creative_fluid_source"
        }
      },
      {
        "when": "pylon:cargo_splitter",
        "model": {
          "type": "select",
          "property": "custom_model_data",
          "index": 1,
          "cases": [
            {
              "when": "facing=north",
              "model": {
                "type": "model",
                "model": "pylon:block/machines/cargo/cargo_splitter_north"
              }
            },
            {
              "when": "facing=east",
              "model": {
                "type": "model",
                "model": "pylon:block/machines/cargo/cargo_splitter_east"
              }
            },
            {
              "when": "facing=south",
              "model": {
                "type": "model",
                "model": "pylon:block/machines/cargo/cargo_splitter_south"
              }
            },
            {
              "when": "facing=west",
              "model": {
                "type": "model",
                "model": "pylon:block/machines/cargo/cargo_splitter_west"
              }
            }
          ],
          "fallback": {
            "type": "model",
            "model": "pylon:block/machines/cargo/cargo_splitter_north"
          }
        }
      },
      {
        "when": "pylon:cargo_merger",
        "model": {
          "type": "select",
          "property": "custom_model_data",
          "index": 1,
          "cases": [
            {
              "when": "facing=north",
              "model": {
                "type": "model",
                "model": "pylon:block/machines/cargo/cargo_merger_north"
              }
            },
            {
              "when": "facing=east",
              "model": {
                "type": "model",
                "model": "pylon:block/machines/cargo/cargo_merger_east"
              }
            },
            {
              "when": "facing=south",
              "model": {
                "type": "model",
                "model": "pylon:block/machines/cargo/cargo_merger_south"
              }
            },
            {
              "when": "facing=west",
              "model": {
                "type": "model",
                "model": "pylon:block/machines/cargo/cargo_merger_west"
              }
            }
          ],
          "fallback": {
            "type": "model",
            "model": "pylon:block/machines/cargo/cargo_merger_north"
          }
        }
      },
      {
        "when": "pylon:cargo_buffer",
        "model": {
          "type": "select",
          "property": "custom_model_data",
          "index": 1,
          "cases": [
            {
              "when": "facing=north",
              "model": {
                "type": "model",
                "model": "pylon:block/machines/cargo/cargo_buffer_north"
              }
            },
            {
              "when": "facing=east",
              "model": {
                "type": "model",
                "model": "pylon:block/machines/cargo/cargo_buffer_east"
              }
            },
            {
              "when": "facing=south",
              "model": {
                "type": "model",
                "model": "pylon:block/machines/cargo/cargo_buffer_south"
              }
            },
            {
              "when": "facing=west",
              "model": {
                "type": "model",
                "model": "pylon:block/machines/cargo/cargo_buffer_west"
              }
            }
          ],
          "fallback": {
            "type": "model",
            "model": "pylon:block/machines/cargo/cargo_buffer_north"
          }
        }
      },
      {
        "when": "pylon:cargo_monitor",
        "model": {
          "type": "select",
          "property": "custom_model_data",
          "index": 1,
          "cases": [
            {
              "when": "facing=north",
              "model": {
                "type": "model",
                "model": "pylon:block/machines/cargo/cargo_monitor_north"
              }
            },
            {
              "when": "facing=east",
              "model": {
                "type": "model",
                "model": "pylon:block/machines/cargo/cargo_monitor_east"
              }
            },
            {
              "when": "facing=south",
              "model": {
                "type": "model",
                "model": "pylon:block/machines/cargo/cargo_monitor_south"
              }
            },
            {
              "when": "facing=west",
              "model": {
                "type": "model",
                "model": "pylon:block/machines/cargo/cargo_monitor_west"
              }
            }
          ],
          "fallback": {
            "type": "model",
            "model": "pylon:block/machines/cargo/cargo_monitor_north"
          }
        }
      },
      {
        "when": "pylon:cargo_meter",
        "model": {
          "type": "select",
          "property": "custom_model_data",
          "index": 1,
          "cases": [
            {
              "when": "facing=north",
              "model": {
                "type": "model",
                "model": "pylon:block/machines/cargo/cargo_meter_north"
              }
            },
            {
              "when": "facing=east",
              "model": {
                "type": "model",
                "model": "pylon:block/machines/cargo/cargo_meter_east"
              }
            },
            {
              "when": "facing=south",
              "model": {
                "type": "model",
                "model": "pylon:block/machines/cargo/cargo_meter_south"
              }
            },
            {
              "when": "facing=west",
              "model": {
                "type": "model",
                "model": "pylon:block/machines/cargo/cargo_meter_west"
              }
            }
          ],
          "fallback": {
            "type": "model",
            "model": "pylon:block/machines/cargo/cargo_meter_north"
          }
        }
      },
      {
        "when": "pylon:cargo_accumulator",
        "model": {
          "type": "select",
          "property": "custom_model_data",
          "index": 1,
          "cases": [
            {
              "when": "facing=north",
              "model": {
                "type": "model",
                "model": "pylon:block/machines/cargo/cargo_accumulator_north"
              }
            },
            {
              "when": "facing=east",
              "model": {
                "type": "model",
                "model": "pylon:block/machines/cargo/cargo_accumulator_east"
              }
            },
            {
              "when": "facing=south",
              "model": {
                "type": "model",
                "model": "pylon:block/machines/cargo/cargo_accumulator_south"
              }
            },
            {
              "when": "facing=west",
              "model": {
                "type": "model",
                "model": "pylon:block/machines/cargo/cargo_accumulator_west"
              }
            }
          ],
          "fallback": {
            "type": "model",
            "model": "pylon:block/machines/cargo/cargo_accumulator_north"
          }
        }
      },
      {
        "when": "pylon:cargo_gate",
        "model": {
          "type": "select",
          "property": "custom_model_data",
          "index": 1,
          "cases": [
            {
              "when": "facing=north",
              "model": {
                "type": "model",
                "model": "pylon:block/machines/cargo/cargo_gate_north"
              }
            },
            {
              "when": "facing=east",
              "model": {
                "type": "model",
                "model": "pylon:block/machines/cargo/cargo_gate_east"
              }
            },
            {
              "when": "facing=south",
              "model": {
                "type": "model",
                "model": "pylon:block/machines/cargo/cargo_gate_south"
              }
            },
            {
              "when": "facing=west",
              "model": {
                "type": "model",
                "model": "pylon:block/machines/cargo/cargo_gate_west"
              }
            }
          ],
          "fallback": {
            "type": "model",
            "model": "pylon:block/machines/cargo/cargo_gate_north"
          }
        }
      },
      {
        "when": "pylon:cargo_filter",
        "model": {
          "type": "select",
          "property": "custom_model_data",
          "index": 1,
          "cases": [
            {
              "when": "facing=north",
              "model": {
                "type": "model",
                "model": "pylon:block/machines/cargo/cargo_filter_north"
              }
            },
            {
              "when": "facing=east",
              "model": {
                "type": "model",
                "model": "pylon:block/machines/cargo/cargo_filter_east"
              }
            },
            {
              "when": "facing=south",
              "model": {
                "type": "model",
                "model": "pylon:block/machines/cargo/cargo_filter_south"
              }
            },
            {
              "when": "facing=west",
              "model": {
                "type": "model",
                "model": "pylon:block/machines/cargo/cargo_filter_west"
              }
            }
          ],
          "fallback": {
            "type": "model",
            "model": "pylon:block/machines/cargo/cargo_filter_north"
          }
        }
      },
      {
        "when": "pylon:cargo_fluid_accumulator",
        "model": {
          "type": "select",
          "property": "custom_model_data",
          "index": 1,
          "cases": [
            {
              "when": "facing=north",
              "model": {
                "type": "model",
                "model": "pylon:block/machines/cargo/cargo_fluid_accumulator_north"
              }
            },
            {
              "when": "facing=east",
              "model": {
                "type": "model",
                "model": "pylon:block/machines/cargo/cargo_fluid_accumulator_east"
              }
            },
            {
              "when": "facing=south",
              "model": {
                "type": "model",
                "model": "pylon:block/machines/cargo/cargo_fluid_accumulator_south"
              }
            },
            {
              "when": "facing=west",
              "model": {
                "type": "model",
                "model": "pylon:block/machines/cargo/cargo_fluid_accumulator_west"
              }
            }
          ],
          "fallback": {
            "type": "model",
            "model": "pylon:block/machines/cargo/cargo_fluid_accumulator_north"
          }
        }
      },
      {
        "when": "pylon:sprinkler",
        "model": {
          "type": "model",
          "model": "pylon:block/machines/fluid/sprinkler"
        }
      },
      {
        "when": "pylon:diesel_table_saw",
        "model": {
          "type": "select",
          "property": "custom_model_data",
          "index": 1,
          "cases": [
            {
              "when": "facing=north",
              "model": {
                "type": "model",
                "model": "pylon:block/machines/diesel/table_saw_north"
              }
            },
            {
              "when": "facing=east",
              "model": {
                "type": "model",
                "model": "pylon:block/machines/diesel/table_saw_east"
              }
            },
            {
              "when": "facing=south",
              "model": {
                "type": "model",
                "model": "pylon:block/machines/diesel/table_saw_south"
              }
            },
            {
              "when": "facing=west",
              "model": {
                "type": "model",
                "model": "pylon:block/machines/diesel/table_saw_west"
              }
            }
          ],
          "fallback": {
            "type": "model",
            "model": "pylon:block/machines/diesel/table_saw_north"
          }
        }
      },
      {
        "when": "pylon:diesel_pipe_bender",
        "model": {
          "type": "select",
          "property": "custom_model_data",
          "index": 1,
          "cases": [
            {
              "when": "facing=north",
              "model": {
                "type": "model",
                "model": "pylon:block/machines/diesel/pipe_bender_north"
              }
            },
            {
              "when": "facing=east",
              "model": {
                "type": "model",
                "model": "pylon:block/machines/diesel/pipe_bender_east"
              }
            },
            {
              "when": "facing=south",
              "model": {
                "type": "model",
                "model": "pylon:block/machines/diesel/pipe_bender_south"
              }
            },
            {
              "when": "facing=west",
              "model": {
                "type": "model",
                "model": "pylon:block/machines/diesel/pipe_bender_west"
              }
            }
          ],
          "fallback": {
            "type": "model",
            "model": "pylon:block/machines/diesel/pipe_bender_north"
          }
        }
      },
      {
        "when": "pylon:diesel_hammer_head",
        "model": {
          "type": "select",
          "property": "custom_model_data",
          "index": 1,
          "cases": [
            {
              "when": "facing=north",
              "model": {
                "type": "model",
                "model": "pylon:block/machines/diesel/hammer_head_north"
              }
            },
            {
              "when": "facing=east",
              "model": {
                "type": "model",
                "model": "pylon:block/machines/diesel/hammer_head_east"
              }
            },
            {
              "when": "facing=south",
              "model": {
                "type": "model",
                "model": "pylon:block/machines/diesel/hammer_head_south"
              }
            },
            {
              "when": "facing=west",
              "model": {
                "type": "model",
                "model": "pylon:block/machines/diesel/hammer_head_west"
              }
            }
          ],
          "fallback": {
            "type": "model",
            "model": "pylon:block/machines/diesel/hammer_head_north"
          }
        }
      },
      {
        "when": "pylon:diesel_mixing_attachment",
        "model": {
          "type": "select",
          "property": "custom_model_data",
          "index": 1,
          "cases": [
            {
              "when": "facing=north",
              "model": {
                "type": "model",
                "model": "pylon:block/machines/diesel/mixing_attachment_north"
              }
            },
            {
              "when": "facing=east",
              "model": {
                "type": "model",
                "model": "pylon:block/machines/diesel/mixing_attachment_east"
              }
            },
            {
              "when": "facing=south",
              "model": {
                "type": "model",
                "model": "pylon:block/machines/diesel/mixing_attachment_south"
              }
            },
            {
              "when": "facing=west",
              "model": {
                "type": "model",
                "model": "pylon:block/machines/diesel/mixing_attachment_west"
              }
            }
          ],
          "fallback": {
            "type": "model",
            "model": "pylon:block/machines/diesel/mixing_attachment_north"
          }
        }
      }
    ],
    "fallback": {
      "type": "model",
      "model": "block/air"
    }
  }
}