{
  "model": {
    "type": "select",
    "property": "custom_model_data",
    "cases": [
      {
        "when": "pylon:health_talisman_simple",
        "model": {
          "type": "model",
          "model": "pylon:item/combat/health_talisman_simple"
        }
      },
      {
        "when": "pylon:health_talisman_advanced",
        "model": {
          "type": "model",
          "model": "pylon:item/combat/health_talisman_advanced"
        }
      },
      {
        "when": "pylon:health_talisman_ultimate",
        "model": {
          "type": "model",
          "model": "pylon:item/combat/health_talisman_ultimate"
        }
      },
      {
        "when": "pylon:portability_catalyst",
        "model": {
          "type": "model",
          "model": "pylon:item/components/portability_catalyst"
        }
      }
    ],
    "fallback": {
      "type": "model",
      "model": "item/amethyst_shard"
    }
  }
}