{
  "model": {
    "type": "select",
    "property": "custom_model_data",
    "cases": [
      {
        "when": "pylon:shimmer_magnet",
        "model": {
          "type": "condition",
          "property": "custom_model_data",
          "on_true": {
            "type": "model",
            "model": "pylon:item/tools/shimmer_magnet_on"
          },
          "on_false": {
            "type": "model",
            "model": "pylon:item/tools/shimmer_magnet_off"
          }
        }
      }
    ],
    "fallback": {
      "type": "model",
      "model": "item/breeze_rod"
    }
  }
}