{
  "model": {
    "type": "select",
    "property": "custom_model_data",
    "cases": [
      {
        "when": "pylon:fluid_pipe_wood",
        "model": {
          "type": "model",
          "model": "pylon:block/machines/pipes/wood_pipe"
        }
      },
      {
        "when": "pylon:hydraulic_press_piston",
        "model": {
          "type": "model",
          "model": "pylon:block/machines/hydraulic/press_piston"
        }
      }
    ],
    "fallback": {
      "type": "model",
      "model": "block/brown_terracotta"
    }
  }
}