{
  "model": {
    "type": "select",
    "property": "custom_model_data",
    "cases": [
      {
        "when": "pylon:loupe",
        "model": {
          "type": "condition",
          "property": "using_item",
          "on_false": {
            "type": "model",
            "model": "pylon:item/science/loupe"
          },
          "on_true": {
            "type": "select",
            "property": "display_context",
            "cases": [
              {
                "model": {
                  "type": "model",
                  "model": "pylon:item/science/loupe"
                },
                "when": [
                  "gui",
                  "ground",
                  "fixed",
                  "thirdperson_lefthand",
                  "thirdperson_righthand"
                ]
              }
            ],
            "fallback": {
              "type": "model",
              "model": "pylon:item/science/loupe_scope"
            }
          }
        }
      },
      {
        "when": "pylon:solar_lens",
        "model": {
          "type": "model",
          "model": "pylon:item/hydraulic/solar_lens"
        }
      }
    ],
    "fallback":{
      "type": "model",
      "model": "item/glass_pane"
    }
  }
}