{
  "model": {
    "type": "select",
    "property": "custom_model_data",
    "cases": [
      {
        "when": "rebar:page_next",
        "model": {
          "type": "model",
          "model": "rebar:item/ui/next_on"
        }
      },
      {
        "when": "rebar:page_previous",
        "model": {
          "type": "model",
          "model": "rebar:item/ui/previous_on"
        }
      }
    ],
    "fallback": {
      "type": "model",
      "model": "item/green_stained_glass_pane"
    }
  },
  "oversized_in_gui": true
}