{
  "model": {
    "type": "select",
    "property": "custom_model_data",
    "cases": [
      {
        "when": "pylon:smeltery_hopper",
        "model": {
          "type": "model",
          "model": "pylon:block/machines/smeltery/smeltery_hopper"
        }
      },
      {
        "when": "pylon:vacuum_hopper_1",
        "model": {
          "type": "model",
          "model": "pylon:item/simple_machines/vacuum_hopper_1"
        }
      },
      {
        "when": "pylon:vacuum_hopper_2",
        "model": {
          "type": "model",
          "model": "pylon:item/simple_machines/vacuum_hopper_2"
        }
      },
      {
        "when": "pylon:vacuum_hopper_3",
        "model": {
          "type": "model",
          "model": "pylon:item/simple_machines/vacuum_hopper_3"
        }
      },
      {
        "when": "pylon:vacuum_hopper_4",
        "model": {
          "type": "model",
          "model": "pylon:item/simple_machines/vacuum_hopper_4"
        }
      }
    ],
    "fallback": {
      "type": "model",
      "model": "item/hopper"
    }
  }
}