{
  "model": {
    "type": "select",
    "property": "custom_model_data",
    "cases": [
      {
        "when": "pylon:ethanol",
        "model": {
          "type": "model",
          "model": "pylon:block/fluids/water",
          "tints": [
            {
              "type": "constant",
              "value": 14211288
            }
          ]
        }
      }
    ],
    "fallback": {
      "type": "model",
      "model": "block/light_gray_concrete_powder"
    }
  }
}