{
  "model": {
    "type": "select",
    "property": "custom_model_data",
    "cases": [
      {
        "when": "pylon:water_breathing_talisman_simple",
        "model": {
          "type": "model",
          "model": "pylon:item/talismans/water_breathing_talisman_simple"
        }
      },
      {
        "when": "pylon:water_breathing_talisman_advanced",
        "model": {
          "type": "model",
          "model": "pylon:item/talismans/water_breathing_talisman_advanced"
        }
      },
      {
        "when": "pylon:water_breathing_talisman_ultimate",
        "model": {
          "type": "model",
          "model": "pylon:item/talismans/water_breathing_talisman_ultimate"
        }
      }
    ],
    "fallback": {
      "type": "model",
      "model": "item/nautilus_shell"
    }
  }
}