{
  "model": {
    "type": "select",
    "property": "custom_model_data",
    "cases": [
      {
        "when": "pylon:steel_nugget",
        "model": {
          "type": "model",
          "model": "pylon:item/resources/steel_nugget"
        }
      },
      {
        "when": "pylon:wrought_iron",
        "model": {
          "type": "model",
          "model": "pylon:item/resources/wrought_iron"
        }
      }
    ],
    "fallback": {
      "type": "model",
      "model": "item/netherite_scrap"
    }
  }
}