{
  "model": {
    "type": "select",
    "property": "custom_model_data",
    "cases": [
      {
        "when": "pylon:steel_ingot",
        "model": {
          "type": "model",
          "model": "pylon:item/resources/steel_ingot"
        }
      },
      {
        "when": "pylon:refractory_brick",
        "model": {
          "type": "model",
          "model": "pylon:item/resources/refractory_brick"
        }
      }
    ],
    "fallback": {
      "type": "model",
      "model": "item/netherite_ingot"
    }
  }
}