{
  "model": {
    "type": "select",
    "property": "custom_model_data",
    "cases": [
      {
        "when": "pylon:fluid_pipe_bronze",
        "model": {
          "type": "model",
          "model": "pylon:block/machines/pipes/bronze_pipe"
        }
      },
      {
        "when": "pylon:smeltery_output_hatch",
        "model": {
          "type": "model",
          "model": "pylon:block/machines/smeltery/smeltery_output_hatch_north"
        }
      }
    ],
    "fallback": {
      "type": "model",
      "model": "block/orange_terracotta"
    }
  }
}