{
  "model": {
    "type": "select",
    "property": "custom_model_data",
    "cases": [
      {
        "when": "pylon:raw_tin",
        "model": {
          "type": "model",
          "model": "pylon:item/resources/raw_tin"
        }
      },
      {
        "when": "pylon:sponge_iron",
        "model": {
          "type": "model",
          "model": "pylon:item/resources/sponge_iron"
        }
      },
      {
        "when": "pylon:iron_bloom",
        "model": {
          "type": "range_dispatch",
          "property": "custom_model_data",
          "entries": [
            {
              "threshold": 0,
              "model": {
                "type": "model",
                "model": "pylon:item/resources/iron_bloom_0"
              }
            },
            {
              "threshold": 1,
              "model": {
                "type": "model",
                "model": "pylon:item/resources/iron_bloom_1"
              }
            },
            {
              "threshold": 2,
              "model": {
                "type": "model",
                "model": "pylon:item/resources/iron_bloom_2"
              }
            },
            {
              "threshold": 3,
              "model": {
                "type": "model",
                "model": "pylon:item/resources/iron_bloom_3"
              }
            },
            {
              "threshold": 4,
              "model": {
                "type": "model",
                "model": "pylon:item/resources/iron_bloom_4"
              }
            },
            {
              "threshold": 5,
              "model": {
                "type": "model",
                "model": "pylon:item/resources/iron_bloom_5"
              }
            },
            {
              "threshold": 6,
              "model": {
                "type": "model",
                "model": "pylon:item/resources/iron_bloom_6"
              }
            },
            {
              "threshold": 7,
              "model": {
                "type": "model",
                "model": "pylon:item/resources/iron_bloom_7"
              }
            },
            {
              "threshold": 8,
              "model": {
                "type": "model",
                "model": "pylon:item/resources/iron_bloom_8"
              }
            },
            {
              "threshold": 9,
              "model": {
                "type": "model",
                "model": "pylon:item/resources/iron_bloom_9"
              }
            },
            {
              "threshold": 10,
              "model": {
                "type": "model",
                "model": "pylon:item/resources/iron_bloom_10"
              }
            },
            {
              "threshold": 11,
              "model": {
                "type": "model",
                "model": "pylon:item/resources/iron_bloom_11"
              }
            },
            {
              "threshold": 12,
              "model": {
                "type": "model",
                "model": "pylon:item/resources/iron_bloom_12"
              }
            }
          ]
        }
      }
    ],
    "fallback": {
      "type": "model",
      "model": "item/raw_iron"
    }
  }
}