{
  "model": {
    "type": "select",
    "property": "custom_model_data",
    "cases": [
      {
        "when": "pylon:elevator_1",
        "model": {
          "type": "model",
          "model": "pylon:block/building/elevator_1"
        }
      },
      {
        "when": "pylon:elevator_2",
        "model": {
          "type": "model",
          "model": "pylon:block/building/elevator_2"
        }
      },
      {
        "when": "pylon:elevator_3",
        "model": {
          "type": "model",
          "model": "pylon:block/building/elevator_3"
        }
      }
    ],
    "fallback": {
      "type": "model",
      "model": "block/smooth_quartz_slab"
    }
  }
}