{
  "model": {
    "type": "select",
    "property": "custom_model_data",
    "cases": [
      {
        "when": "pylon:quartz_dust",
        "model": {
          "type": "model",
          "model": "pylon:item/resources/quartz_dust"
        }
      },
      {
        "when": "pylon:diamond_dust",
        "model": {
          "type": "model",
          "model": "pylon:item/resources/diamond_dust"
        }
      },
      {
        "when": "pylon:emerald_dust",
        "model": {
          "type": "model",
          "model": "pylon:item/resources/emerald_dust"
        }
      },
      {
        "when": "pylon:gypsum_dust",
        "model": {
          "type": "model",
          "model": "pylon:item/resources/gypsum_dust"
        }
      },
      {
        "when": "pylon:crushed_raw_iron",
        "model": {
          "type": "model",
          "model": "pylon:item/resources/crushed_raw_iron"
        }
      },
      {
        "when": "pylon:tin_dust",
        "model": {
          "type": "model",
          "model": "pylon:item/resources/tin_dust"
        }
      },
      {
        "when": "pylon:nickel_dust",
        "model": {
          "type": "model",
          "model": "pylon:item/resources/nickel_dust"
        }
      },
      {
        "when": "pylon:cobalt_dust",
        "model": {
          "type": "model",
          "model": "pylon:item/resources/cobalt_dust"
        }
      },
      {
        "when": "pylon:crushed_raw_tin",
        "model": {
          "type": "model",
          "model": "pylon:item/resources/crushed_raw_tin"
        }
      },
      {
        "when": "pylon:shimmer_dust_1",
        "model": {
          "type": "model",
          "model": "pylon:item/resources/shimmer_dust_1"
        }
      },
      {
        "when": "pylon:flour",
        "model": {
          "type": "model",
          "model": "pylon:item/resources/flour"
        }
      }
    ],
    "fallback": {
      "type": "model",
      "model": "item/sugar"
    }
  }
}