{
  "model": {
    "type": "select",
    "property": "custom_model_data",
    "cases": [
      {
        "when": "pylon:gold",
        "model": {
          "type": "model",
          "model": "pylon:block/fluids/gold"
        }
      },
      {
        "when": "pylon:biodiesel",
        "model": {
          "type": "model",
          "model": "pylon:block/fluids/water",
          "tints": [
            {
              "type": "constant",
              "value": 14669627
            }
          ]
        }
      }
    ],
    "fallback": {
      "type": "model",
      "model": "block/yellow_concrete"
    }
  }
}